-- phpMyAdmin SQL Dump
-- version 4.9.4
-- https://www.phpmyadmin.net/
--
-- Host: localhost:3306
-- Generation Time: Jun 23, 2021 at 05:38 AM
-- Server version: 5.6.51-cll-lve
-- PHP Version: 7.3.6

SET SQL_MODE = "NO_AUTO_VALUE_ON_ZERO";
SET AUTOCOMMIT = 0;
START TRANSACTION;
SET time_zone = "+00:00";


/*!40101 SET @OLD_CHARACTER_SET_CLIENT=@@CHARACTER_SET_CLIENT */;
/*!40101 SET @OLD_CHARACTER_SET_RESULTS=@@CHARACTER_SET_RESULTS */;
/*!40101 SET @OLD_COLLATION_CONNECTION=@@COLLATION_CONNECTION */;
/*!40101 SET NAMES utf8mb4 */;

--
-- Database: `LOSDB`
--

-- --------------------------------------------------------

--
-- Table structure for table `estimation_table`
--

CREATE TABLE `estimation_table` (
  `id` int(11) NOT NULL,
  `patient_id` int(255) NOT NULL,
  `model_number` enum('1','2') NOT NULL,
  `gcs` int(255) NOT NULL,
  `asa` int(11) NOT NULL,
  `neurological_status` enum('Other','Complete Injury') DEFAULT NULL,
  `polytrauma` tinyint(1) NOT NULL,
  `iss` int(11) DEFAULT NULL,
  `num_complications` int(11) DEFAULT NULL,
  `prbc_transfusion` tinyint(1) DEFAULT NULL,
  `skin_complication` tinyint(1) DEFAULT NULL,
  `discharge_facility` enum('Home','Rehab facility','Other','Home w/ Assistance','Acute Rehab Facility','Sub-acute Rehab Facility','Deceased') DEFAULT NULL,
  `entry_date` date NOT NULL,
  `exit_date` date DEFAULT NULL,
  `actual_los` int(11) DEFAULT NULL,
  `est_los` int(11) NOT NULL
) ENGINE=InnoDB DEFAULT CHARSET=latin1;

--
-- Dumping data for table `estimation_table`
--

INSERT INTO `estimation_table` (`id`, `patient_id`, `model_number`, `gcs`, `asa`, `neurological_status`, `polytrauma`, `iss`, `num_complications`, `prbc_transfusion`, `skin_complication`, `discharge_facility`, `entry_date`, `exit_date`, `actual_los`, `est_los`) VALUES
(1, 16, '2', 1, 1, 'Other', 1, 12, 0, 0, 0, 'Home', '2019-10-02', '2019-10-07', 5, 5),
(2, 172, '2', 1, 2, 'Complete Injury', 1, 30, 1, 0, 0, 'Rehab facility', '2019-09-02', '2019-09-18', 16, 15),
(3, 162, '2', 1, 1, 'Other', 1, 17, 2, 0, 0, 'Home', '2020-07-02', '2020-07-08', 6, 6),
(4, 176, '2', 1, 2, 'Other', 1, 17, 0, 1, 0, 'Rehab facility', '2019-08-27', '2019-09-02', 6, 5),
(5, 150, '2', 1, 2, 'Other', 1, 17, 3, 0, 0, 'Rehab facility', '2019-08-16', '2019-09-12', 27, 27),
(6, 46, '2', 1, 2, 'Other', 1, 21, 0, 1, 0, 'Rehab facility', '2020-07-25', '2020-08-02', 8, 8),
(7, 161, '2', 1, 1, 'Other', 1, 6, 1, 0, 0, 'Rehab facility', '2019-12-04', '2019-12-08', 4, 4),
(8, 102, '2', 1, 1, 'Other', 0, 20, 0, 1, 0, 'Rehab facility', '2019-09-13', '2019-09-18', 5, 3),
(9, 86, '2', 1, 2, 'Other', 1, 24, 3, 1, 0, 'Home', '2020-07-13', '2020-07-29', 16, 15),
(10, 58, '2', 1, 1, 'Other', 0, 32, 0, 0, 0, 'Rehab facility', '2019-08-26', '2019-08-30', 4, 3),
(11, 131, '2', 1, 0, 'Other', 1, 29, 3, 0, 0, 'Other', '2020-07-11', '2020-07-15', 4, 3),
(12, 67, '2', 1, 1, 'Other', 0, 4, 0, 0, 0, 'Home', '2019-11-20', '2019-11-27', 7, 6),
(13, 41, '2', 1, 1, 'Other', 1, 17, 0, 0, 0, 'Home', '2019-08-27', '2019-08-31', 4, 4),
(14, 91, '2', 1, 0, 'Other', 1, 20, 0, 0, 0, 'Rehab facility', '2019-09-04', '2019-09-10', 6, 27),
(15, 156, '2', 1, 2, 'Other', 0, 16, 2, 0, 0, 'Rehab facility', '2019-12-01', '2019-12-08', 7, 6),
(16, 62, '2', 2, 1, 'Complete Injury', 1, 33, 1, 1, 0, 'Rehab facility', '2019-09-04', '2019-09-22', 18, 18),
(17, 167, '2', 1, 1, 'Other', 0, 16, 0, 1, 0, 'Rehab facility', '2019-08-20', '2019-08-26', 6, 5),
(18, 69, '2', 1, 1, 'Other', 0, 17, 1, 0, 0, 'Rehab facility', '2019-09-23', '2019-10-01', 8, 7),
(19, 30, '2', 1, 2, 'Other', 0, 5, 0, 0, 0, 'Home', '2019-08-09', '2019-08-14', 5, 5),
(20, 118, '2', 1, 1, 'Other', 1, 14, 0, 0, 0, 'Home', '2020-07-13', '2020-07-16', 3, 2),
(21, 89, '2', 1, 2, 'Complete Injury', 1, 18, 0, 0, 0, 'Rehab facility', '2019-08-28', '2019-09-13', 16, 16),
(22, 87, '2', 1, 1, 'Complete Injury', 1, 33, 0, 0, 0, 'Home', '2019-10-02', '2019-10-08', 6, 5),
(23, 2, '1', 1, 2, 'Other', 1, 17, 1, 1, 0, 'Rehab facility', '2019-12-24', '2019-12-30', 7, 6),
(24, 113, '2', 1, 1, 'Other', 1, 12, 1, 0, 0, 'Rehab facility', '2019-08-01', '2019-08-09', 8, 8),
(25, 194, '2', 1, 1, 'Other', 1, 17, 0, 0, 0, 'Home', '2019-12-06', '2019-12-12', 6, 4),
(26, 81, '2', 1, 1, 'Other', 1, 17, 0, 0, 0, 'Home', '2019-12-11', '2019-12-16', 5, 5),
(27, 107, '2', 1, 2, 'Other', 1, 13, 2, 0, 0, 'Rehab facility', '2019-12-24', '2020-01-10', 17, 17),
(28, 103, '2', 1, 0, 'Other', 0, 16, 0, 0, 0, 'Rehab facility', '2019-08-10', '2019-08-19', 9, 9),
(29, 32, '2', 1, 2, 'Other', 1, 9, 0, 0, 0, 'Home', '2020-07-08', '2020-07-13', 5, 5),
(30, 189, '2', 1, 2, 'Other', 0, 0, 4, 0, 0, 'Rehab facility', '2019-09-25', '2019-10-09', 14, 14),
(31, 60, '2', 1, 2, 'Other', 1, 27, 0, 0, 0, 'Rehab facility', '2020-07-06', '2020-07-12', 6, 6),
(32, 66, '2', 1, 1, 'Other', 0, 17, 1, 0, 0, 'Home', '2019-12-30', '2020-01-04', 5, 5),
(33, 47, '2', 1, 1, 'Complete Injury', 0, 9, 0, 0, 0, 'Rehab facility', '2019-09-26', '2019-10-01', 5, 5),
(34, 40, '2', 1, 2, 'Other', 0, 0, 0, 0, 0, 'Home', '2019-10-12', '2019-10-19', 7, 7),
(35, 114, '2', 1, 2, 'Other', 1, 32, 0, 0, 0, 'Rehab facility', '2019-08-12', '2019-08-19', 7, 7),
(36, 100, '2', 1, 1, 'Other', 1, 20, 0, 0, 0, 'Home', '2020-07-25', '2020-08-01', 7, 7),
(37, 145, '2', 1, 1, 'Other', 0, 4, 0, 0, 0, 'Home', '2019-11-05', '2019-11-10', 5, 4),
(38, 188, '2', 1, 1, 'Complete Injury', 1, 0, 1, 0, 0, 'Rehab facility', '2019-10-28', '2019-11-02', 5, 5),
(39, 61, '2', 1, 1, 'Other', 1, 29, 3, 0, 0, 'Rehab facility', '2019-09-28', '2019-10-06', 8, 8),
(40, 26, '2', 1, 2, 'Other', 1, 10, 0, 0, 0, 'Rehab facility', '2019-11-30', '2019-12-12', 12, 12),
(41, 15, '2', 1, 1, 'Complete Injury', 1, 29, 0, 0, 0, 'Rehab facility', '2019-10-26', '2019-10-31', 5, 6),
(42, 19, '2', 1, 1, 'Other', 1, 12, 0, 0, 0, 'Home', '2019-11-25', '2019-12-01', 6, 4),
(43, 195, '2', 1, 1, 'Other', 1, 14, 0, 1, 0, 'Rehab facility', '2020-07-15', '2020-07-20', 5, 5),
(44, 88, '2', 1, 1, 'Other', 1, 21, 1, 0, 0, 'Home', '2019-10-09', '2019-10-15', 6, 5),
(45, 13, '2', 1, 2, 'Other', 1, 17, 0, 1, 0, 'Rehab facility', '2019-11-03', '2019-11-12', 9, 9),
(46, 31, '2', 1, 2, 'Other', 1, 22, 0, 0, 0, 'Rehab facility', '2019-10-29', '2019-11-10', 12, 12),
(47, 110, '2', 1, 2, 'Other', 1, 29, 1, 1, 0, 'Rehab facility', '2019-11-05', '2019-11-18', 13, 12),
(48, 38, '2', 1, 1, 'Complete Injury', 1, 21, 3, 0, 0, 'Rehab facility', '2020-07-03', '2020-07-21', 18, 18),
(49, 74, '2', 1, 1, 'Other', 0, 8, 0, 0, 0, 'Home', '2020-07-02', '2020-07-06', 4, 3),
(50, 160, '2', 1, 2, 'Other', 0, 4, 0, 0, 0, 'Rehab facility', '2019-08-10', '2019-08-15', 5, 5),
(51, 39, '2', 1, 2, 'Other', 0, 0, 1, 0, 0, 'Home', '2019-11-26', '2019-12-04', 8, 7),
(52, 191, '2', 1, 1, 'Complete Injury', 1, 0, 0, 0, 0, 'Rehab facility', '2019-12-18', '2019-12-25', 7, 7),
(53, 96, '2', 1, 2, 'Other', 0, 13, 0, 1, 0, 'Rehab facility', '2020-07-25', '2020-08-01', 7, 7),
(54, 3, '2', 1, 2, 'Other', 1, 45, 0, 1, 0, 'Rehab facility', '2019-11-08', '2019-11-14', 6, 6),
(55, 165, '2', 1, 1, 'Other', 1, 29, 0, 0, 0, 'Home', '2019-10-17', '2019-10-24', 7, 7),
(56, 112, '2', 1, 2, 'Other', 0, 0, 1, 0, 0, 'Rehab facility', '2019-11-11', '2019-11-20', 9, 9),
(57, 137, '2', 1, 2, 'Other', 1, 22, 3, 0, 0, 'Rehab facility', '2019-12-22', '2020-01-23', 32, 32),
(58, 70, '2', 1, 0, 'Other', 1, 36, 0, 0, 0, 'Rehab facility', '2019-11-21', '2019-11-30', 9, 4),
(59, 180, '2', 1, 1, 'Complete Injury', 1, 29, 3, 0, 0, 'Rehab facility', '2019-09-28', '2019-10-28', 30, 30),
(60, 52, '2', 2, 2, 'Other', 0, 0, 1, 1, 0, 'Rehab facility', '2019-12-01', '2019-12-09', 8, 7),
(61, 192, '2', 1, 1, 'Other', 1, 13, 0, 0, 0, 'Home', '2019-11-20', '2019-11-24', 4, 3),
(62, 99, '2', 2, 0, 'Other', 0, 10, 3, 0, 0, 'Rehab facility', '2019-09-15', '2019-10-08', 23, 23),
(63, 133, '2', 1, 1, 'Complete Injury', 0, 33, 0, 0, 0, 'Rehab facility', '2019-11-21', '2019-11-27', 6, 6),
(64, 21, '2', 1, 1, 'Other', 1, 19, 0, 1, 0, 'Rehab facility', '2019-12-29', '2020-01-14', 16, 16),
(65, 178, '2', 1, 1, 'Other', 1, 29, 0, 1, 0, 'Rehab facility', '2020-07-18', '2020-07-26', 8, 6),
(66, 37, '2', 2, 2, 'Other', 1, 14, 0, 0, 0, 'Rehab facility', '2019-10-07', '2019-10-14', 7, 7),
(67, 182, '2', 1, 2, 'Other', 1, 30, 1, 1, 0, 'Rehab facility', '2019-11-29', '2019-12-06', 7, 7),
(68, 72, '2', 1, 2, 'Other', 0, 0, 0, 1, 0, 'Home', '2019-12-30', '2020-01-02', 3, 3),
(69, 78, '2', 1, 1, 'Other', 1, 8, 0, 0, 0, 'Home', '2019-09-12', '2019-09-17', 5, 5),
(70, 75, '2', 1, 2, 'Complete Injury', 1, 33, 0, 0, 0, 'Rehab facility', '2019-10-08', '2019-10-16', 8, 7),
(71, 53, '2', 2, 2, 'Complete Injury', 1, 66, 2, 0, 0, 'Rehab facility', '2019-09-23', '2019-11-14', 52, 52),
(72, 152, '2', 1, 1, 'Other', 1, 24, 1, 0, 0, 'Rehab facility', '2019-11-11', '2019-11-19', 8, 8),
(73, 149, '2', 1, 1, 'Other', 1, 0, 1, 0, 0, 'Home', '2020-07-24', '2020-07-29', 5, 4),
(74, 122, '2', 1, 2, 'Other', 1, 50, 4, 0, 0, 'Rehab facility', '2019-12-18', '2020-01-21', 34, 33),
(75, 151, '2', 1, 2, 'Other', 1, 43, 0, 0, 0, 'Rehab facility', '2019-11-06', '2019-11-11', 5, 5),
(76, 36, '2', 2, 2, 'Other', 1, 26, 2, 0, 0, 'Rehab facility', '2019-12-04', '2020-01-01', 28, 28),
(77, 10, '2', 1, 2, 'Other', 0, 0, 0, 0, 0, '', '2019-12-16', '2019-12-28', 12, 12),
(78, 51, '2', 1, 2, 'Other', 1, 10, 2, 1, 0, 'Home', '2020-07-17', '2020-07-22', 5, 4),
(79, 125, '2', 1, 1, 'Other', 0, 14, 1, 0, 0, 'Rehab facility', '2019-09-23', '2019-09-28', 5, 5),
(80, 11, '2', 1, 1, 'Complete Injury', 1, 33, 5, 0, 1, 'Rehab facility', '2019-12-23', '2020-01-05', 13, 12),
(81, 159, '2', 1, 2, 'Other', 1, 17, 0, 0, 0, 'Rehab facility', '2020-07-12', '2020-07-21', 9, 9),
(82, 18, '2', 2, 2, 'Complete Injury', 1, 38, 1, 0, 1, 'Rehab facility', '2019-07-16', '2019-08-16', 31, 31),
(83, 55, '2', 1, 0, 'Other', 1, 6, 0, 0, 0, 'Home', '2019-08-31', '2019-09-06', 6, 6),
(84, 124, '2', 1, 2, 'Other', 0, 4, 5, 0, 1, 'Rehab facility', '2019-10-30', '2019-12-19', 50, 78),
(85, 139, '2', 1, 1, 'Other', 1, 22, 4, 0, 0, 'Rehab facility', '2019-10-08', '2019-10-24', 16, 16),
(86, 27, '2', 1, 2, 'Other', 1, 29, 2, 0, 0, 'Rehab facility', '2019-09-15', '2019-10-30', 45, 44),
(87, 59, '2', 1, 2, 'Other', 1, 17, 0, 0, 0, 'Home', '2019-12-26', '2020-01-04', 9, 9),
(88, 24, '2', 1, 0, 'Complete Injury', 0, 26, 1, 0, 0, 'Rehab facility', '2019-08-24', '2019-08-28', 4, 19),
(89, 138, '2', 1, 0, 'Other', 0, 5, 0, 1, 0, 'Home', '2019-10-10', '2019-10-15', 5, 4),
(90, 42, '2', 1, 2, 'Other', 1, 19, 0, 1, 0, 'Rehab facility', '2019-08-13', '2019-08-25', 12, 11),
(91, 147, '2', 1, 2, 'Other', 1, 12, 3, 1, 0, 'Rehab facility', '2019-12-17', '2019-12-24', 7, 6),
(92, 23, '2', 1, 1, 'Other', 0, 16, 1, 0, 0, 'Rehab facility', '2019-11-02', '2019-11-03', 1, 10),
(93, 177, '2', 1, 2, 'Other', 0, 4, 0, 1, 0, 'Rehab facility', '2019-10-04', '2019-10-11', 7, 7),
(94, 175, '2', 1, 2, 'Complete Injury', 1, 33, 0, 0, 0, 'Rehab facility', '2019-08-23', '2019-09-15', 23, 23),
(95, 80, '2', 1, 1, 'Other', 0, 0, 0, 0, 0, 'Home', '2019-09-13', '2019-09-14', 1, 1),
(96, 181, '2', 1, 1, 'Other', 1, 13, 0, 0, 0, 'Rehab facility', '2019-11-19', '2019-12-04', 15, 13),
(97, 168, '2', 1, 0, 'Other', 1, 29, 1, 1, 0, 'Rehab facility', '2020-07-02', '2020-07-14', 12, 11),
(98, 76, '2', 1, 1, 'Complete Injury', 0, 29, 0, 0, 0, 'Rehab facility', '2019-08-20', '2019-08-25', 5, 4),
(99, 115, '2', 1, 0, 'Other', 1, 17, 0, 0, 0, 'Home', '2019-10-14', '2019-10-20', 6, 6),
(100, 84, '2', 1, 2, 'Other', 1, 26, 1, 0, 0, 'Rehab facility', '2019-10-25', '2019-11-03', 9, 9),
(101, 20, '2', 1, 1, 'Other', 1, 10, 0, 0, 0, 'Home', '2019-09-15', '2019-09-21', 6, 6),
(102, 154, '2', 1, 2, 'Other', 1, 33, 0, 0, 0, 'Home', '2019-12-15', '2019-12-20', 5, 5),
(103, 169, '2', 1, 2, 'Other', 1, 4, 1, 0, 0, 'Rehab facility', '2019-08-04', '2019-08-11', 7, 7),
(104, 50, '2', 1, 1, 'Other', 0, 33, 3, 1, 1, 'Rehab facility', '2019-11-15', '2019-11-28', 13, 13),
(105, 106, '2', 1, 1, 'Other', 1, 9, 3, 0, 0, 'Home', '2019-10-11', '2019-10-17', 6, 6),
(106, 164, '2', 1, 1, 'Other', 1, 0, 3, 0, 0, 'Home', '2019-10-23', '2019-10-29', 6, 6),
(107, 35, '2', 1, 2, 'Other', 0, 9, 1, 1, 0, 'Rehab facility', '2019-12-21', '2019-12-26', 5, 4),
(108, 190, '2', 1, 2, 'Complete Injury', 1, 30, 0, 0, 0, 'Rehab facility', '2019-10-07', '2019-10-14', 7, 7),
(109, 104, '2', 1, 1, 'Other', 1, 17, 3, 1, 0, 'Rehab facility', '2019-10-23', '2019-10-30', 7, 6),
(110, 187, '2', 1, 2, 'Complete Injury', 1, 38, 3, 0, 0, 'Home', '2019-09-05', '2019-09-14', 9, 8),
(111, 126, '2', 1, 1, 'Other', 1, 14, 0, 0, 0, 'Home', '2019-11-17', '2019-11-20', 3, 3),
(112, 144, '2', 1, 1, 'Other', 0, 9, 0, 0, 0, 'Home', '2019-08-11', '2019-08-14', 3, 3),
(113, 179, '2', 1, 2, 'Other', 1, 17, 0, 0, 0, 'Home', '2019-08-11', '2019-08-21', 10, 18),
(114, 111, '2', 1, 2, 'Other', 1, 22, 0, 0, 1, 'Home', '2019-08-26', '2019-09-02', 7, 7),
(115, 8, '2', 1, 2, 'Other', 1, 0, 0, 0, 0, 'Rehab facility', '2019-09-08', '2019-09-19', 11, 10),
(116, 4, '2', 1, 1, 'Other', 1, 18, 0, 0, 0, 'Home', '2019-09-21', '2019-09-25', 4, 3),
(117, 158, '2', 1, 2, 'Other', 0, 8, 1, 0, 0, 'Rehab facility', '2019-09-07', '2019-09-19', 12, 11),
(118, 73, '2', 1, 1, 'Other', 1, 0, 0, 1, 0, '', '2019-09-18', '2019-09-22', 4, 4),
(119, 135, '2', 1, 1, 'Other', 1, 13, 1, 0, 0, 'Home', '2019-11-05', '2019-11-11', 6, 6),
(120, 170, '2', 1, 2, 'Other', 0, 0, 1, 0, 0, 'Home', '2019-11-26', '2019-12-01', 5, 4),
(121, 17, '2', 1, 1, 'Complete Injury', 1, 43, 3, 1, 0, 'Rehab facility', '2019-11-21', '2019-12-07', 16, 16),
(122, 146, '2', 1, 1, 'Other', 1, 14, 0, 0, 0, 'Home', '2019-09-08', '2019-09-13', 5, 4),
(123, 79, '2', 2, 2, 'Complete Injury', 1, 20, 0, 0, 0, 'Rehab facility', '2019-10-31', '2019-11-29', 29, 29),
(124, 119, '2', 2, 2, 'Other', 1, 17, 3, 1, 0, 'Rehab facility', '2019-09-28', '2019-10-28', 30, 29),
(125, 109, '2', 1, 2, 'Complete Injury', 1, 30, 1, 0, 0, 'Rehab facility', '2019-09-01', '2019-09-09', 8, 8),
(126, 64, '2', 1, 1, 'Other', 1, 24, 0, 0, 0, 'Rehab facility', '2019-09-29', '2019-10-06', 7, 7),
(127, 128, '2', 2, 0, 'Complete Injury', 1, 45, 0, 0, 1, 'Rehab facility', '2019-08-01', '2019-08-25', 24, 13),
(128, 142, '2', 1, 1, 'Other', 1, 17, 0, 0, 0, 'Home', '2020-07-09', '2020-07-14', 5, 4),
(129, 49, '2', 1, 0, 'Other', 0, 9, 0, 0, 0, 'Home', '2019-08-25', '2019-08-29', 4, 2),
(130, 130, '2', 1, 1, 'Other', 1, 14, 0, 0, 0, 'Rehab facility', '2019-12-10', '2019-12-17', 7, 6),
(131, 141, '2', 1, 1, 'Other', 0, 0, 1, 0, 0, 'Home', '2019-08-28', '2019-09-02', 5, 5),
(132, 166, '2', 1, 1, 'Other', 1, 6, 1, 0, 0, 'Rehab facility', '2020-07-31', '2020-08-05', 5, 4),
(133, 184, '2', 1, 1, 'Other', 0, 13, 3, 1, 0, 'Rehab facility', '2020-07-04', '2020-07-16', 12, 10),
(134, 157, '2', 1, 1, 'Other', 0, 9, 0, 0, 0, 'Home', '2019-11-06', '2019-11-08', 2, 1),
(135, 97, '2', 1, 1, 'Other', 0, 0, 0, 0, 0, 'Rehab facility', '2019-11-24', '2019-11-27', 3, 3),
(136, 129, '2', 1, 0, 'Other', 1, 5, 0, 0, 0, 'Home', '2019-12-24', '2019-12-28', 4, 4),
(137, 85, '2', 2, 2, 'Other', 1, 12, 6, 0, 0, 'Rehab facility', '2019-11-07', '2019-12-09', 32, 32),
(138, 43, '2', 1, 2, 'Complete Injury', 0, 20, 5, 1, 0, 'Rehab facility', '2019-11-25', '2019-12-02', 7, 7),
(139, 196, '2', 1, 1, 'Other', 1, 0, 1, 0, 0, 'Rehab facility', '2019-10-13', '2019-10-24', 11, 10),
(140, 22, '2', 1, 2, 'Complete Injury', 1, 30, 5, 0, 0, 'Rehab facility', '2019-10-23', '2019-11-03', 11, 11),
(141, 193, '2', 1, 2, 'Other', 1, 6, 1, 1, 0, 'Rehab facility', '2019-12-07', '2019-12-12', 5, 5),
(142, 90, '2', 1, 1, 'Other', 0, 5, 0, 0, 0, 'Rehab facility', '2019-12-13', '2019-12-17', 4, 5),
(143, 155, '2', 1, 1, 'Other', 0, 6, 0, 0, 0, 'Rehab facility', '2019-09-20', '2019-09-24', 4, 3),
(144, 57, '2', 1, 1, 'Other', 1, 24, 4, 0, 0, 'Rehab facility', '2019-11-01', '2019-11-13', 12, 11),
(145, 12, '2', 1, 1, 'Other', 0, 9, 0, 0, 0, '', '2019-09-19', '2019-09-22', 3, 3),
(146, 5, '2', 1, 2, 'Complete Injury', 1, 75, 1, 0, 0, 'Rehab facility', '2019-11-17', '2020-01-04', 48, 48),
(147, 127, '2', 1, 1, 'Other', 1, 27, 0, 0, 0, 'Home', '2019-09-24', '2019-09-28', 4, 3),
(148, 65, '2', 1, 2, 'Complete Injury', 1, 35, 0, 0, 0, 'Rehab facility', '2019-12-13', '2019-12-19', 6, 5),
(149, 105, '2', 1, 2, 'Other', 1, 41, 0, 0, 0, 'Home', '2019-11-11', '2019-11-17', 6, 5),
(150, 173, '2', 1, 2, 'Other', 1, 27, 1, 0, 0, 'Rehab facility', '2019-11-22', '2019-11-30', 8, 8),
(151, 108, '2', 2, 2, 'Other', 1, 11, 0, 0, 0, 'Rehab facility', '2019-09-30', '2019-10-23', 23, 3),
(152, 56, '2', 1, 0, 'Other', 1, 12, 0, 0, 0, 'Rehab facility', '2019-08-19', '2019-09-04', 16, 14),
(153, 132, '2', 1, 0, 'Other', 1, 22, 1, 0, 0, 'Rehab facility', '2019-10-16', '2019-10-26', 10, 10),
(154, 95, '2', 1, 2, 'Other', 0, 9, 0, 0, 0, 'Rehab facility', '2019-11-17', '2019-11-20', 3, 3),
(155, 171, '2', 2, 2, 'Complete Injury', 1, 38, 3, 0, 0, 'Rehab facility', '2019-12-07', '2020-01-28', 52, 52),
(156, 44, '2', 1, 2, 'Complete Injury', 1, 45, 1, 0, 0, 'Rehab facility', '2019-08-23', '2019-09-25', 33, 33),
(157, 54, '2', 2, 2, 'Complete Injury', 1, 0, 1, 0, 0, 'Rehab facility', '2019-11-21', '2019-12-12', 21, 21),
(158, 48, '2', 1, 2, 'Other', 1, 26, 4, 0, 0, 'Rehab facility', '2019-12-11', '2019-12-30', 19, 19),
(159, 117, '2', 2, 2, 'Complete Injury', 1, 66, 3, 0, 1, 'Rehab facility', '2019-07-12', '2019-09-16', 66, 66),
(160, 123, '2', 1, 1, 'Complete Injury', 0, 13, 1, 1, 0, 'Rehab facility', '2019-10-12', '2019-10-18', 6, 6),
(161, 136, '2', 1, 2, 'Other', 1, 22, 0, 0, 0, 'Rehab facility', '2019-11-18', '2019-11-23', 5, 5),
(162, 7, '2', 2, 2, 'Complete Injury', 1, 38, 3, 0, 0, 'Rehab facility', '2019-11-27', '2020-01-23', 57, 57),
(163, 34, '2', 1, 1, 'Other', 0, 9, 1, 0, 0, 'Home', '2019-08-19', '2019-08-22', 3, 3),
(164, 120, '2', 1, 1, 'Other', 0, 16, 0, 0, 0, 'Rehab facility', '2019-08-27', '2019-09-02', 6, 4),
(165, 183, '2', 1, 0, 'Other', 0, 4, 0, 1, 0, 'Rehab facility', '2019-10-21', '2019-10-28', 7, 5),
(166, 29, '2', 2, 2, 'Other', 0, 0, 1, 1, 0, 'Rehab facility', '2019-11-24', '2019-12-01', 7, 7),
(167, 82, '2', 1, 2, 'Other', 0, 4, 4, 1, 0, 'Rehab facility', '2019-09-25', '2019-09-30', 5, 5),
(168, 92, '2', 1, 1, 'Other', 0, 4, 0, 0, 0, 'Home', '2019-08-02', '2019-08-07', 5, 5),
(169, 153, '2', 1, 1, 'Other', 1, 8, 1, 0, 0, 'Rehab facility', '2019-08-18', '2019-09-01', 14, 14),
(170, 163, '2', 1, 2, 'Other', 1, 13, 1, 0, 0, 'Rehab facility', '2019-09-15', '2019-09-26', 11, 10),
(171, 25, '2', 2, 2, 'Complete Injury', 1, 0, 0, 0, 0, 'Rehab facility', '2019-10-26', '2019-11-04', 9, 9),
(172, 71, '2', 1, 1, 'Other', 1, 21, 1, 1, 0, 'Rehab facility', '2019-10-23', '2019-11-01', 9, 9),
(173, 6, '2', 1, 2, 'Complete Injury', 1, 38, 1, 0, 0, 'Rehab facility', '2019-10-20', '2019-10-31', 11, 11),
(174, 186, '2', 1, 1, 'Other', 1, 17, 0, 0, 0, 'Home', '2019-11-03', '2019-11-07', 4, 3),
(175, 98, '2', 2, 0, 'Other', 0, 0, 1, 0, 0, 'Rehab facility', '2019-10-27', '2019-11-03', 7, 7),
(176, 83, '2', 1, 1, 'Other', 1, 14, 1, 1, 0, 'Home', '2019-08-25', '2019-08-29', 4, 4),
(177, 116, '2', 1, 2, 'Other', 1, 14, 0, 0, 0, 'Home', '2019-08-14', '2019-08-18', 4, 8),
(178, 101, '2', 1, 2, 'Other', 1, 29, 0, 1, 0, 'Rehab facility', '2019-12-11', '2019-12-18', 7, 6),
(179, 94, '2', 1, 1, 'Other', 0, 20, 1, 0, 0, 'Rehab facility', '2020-07-12', '2020-07-18', 6, 6),
(180, 140, '2', 1, 2, 'Other', 0, 5, 0, 0, 0, 'Rehab facility', '2019-10-21', '2019-10-25', 4, 4),
(181, 121, '2', 1, 1, 'Complete Injury', 1, 25, 0, 0, 0, 'Rehab facility', '2019-08-10', '2019-08-21', 11, 11),
(182, 143, '2', 1, 0, 'Other', 0, 5, 1, 0, 0, 'Home', '2020-07-30', '2020-08-03', 4, 4),
(183, 148, '2', 1, 1, 'Other', 0, 0, 0, 0, 0, 'Home', '2019-12-18', '2019-12-22', 4, 3),
(184, 93, '2', 1, 1, 'Other', 1, 13, 1, 0, 0, 'Home', '2020-07-18', '2020-07-26', 8, 7),
(185, 185, '2', 2, 2, 'Complete Injury', 1, 41, 6, 0, 0, 'Rehab facility', '2019-11-06', '2019-12-07', 31, 30),
(186, 9, '2', 1, 2, 'Other', 1, 29, 0, 0, 0, 'Rehab facility', '2019-09-25', '2019-10-04', 9, 9),
(188, 77, '2', 1, 1, 'Other', 1, 33, 0, 0, 0, 'Rehab facility', '2019-11-10', '2019-11-18', 8, 8),
(189, 45, '2', 1, 0, 'Complete Injury', 1, 17, 6, 0, 0, 'Rehab facility', '2019-08-17', '2019-09-03', 17, 17),
(190, 33, '2', 1, 1, 'Other', 1, 17, 0, 0, 0, 'Rehab facility', '2019-11-28', '2019-12-01', 3, 3),
(191, 14, '2', 1, 1, 'Other', 1, 17, 0, 0, 0, 'Other', '2019-12-09', '2019-12-12', 3, 2),
(192, 28, '2', 1, 1, 'Other', 1, 13, 1, 0, 0, 'Rehab facility', '2019-08-05', '2019-08-11', 6, 3),
(193, 134, '2', 1, 2, 'Other', 0, 0, 1, 0, 0, 'Rehab facility', '2019-08-15', '2019-08-20', 5, 5),
(194, 63, '2', 1, 1, 'Other', 0, 0, 0, 0, 0, 'Home', '2019-10-21', '2019-10-25', 4, 4),
(195, 174, '2', 2, 1, 'Other', 1, 27, 0, 0, 0, 'Rehab facility', '2019-09-28', '2019-10-11', 13, 13),
(196, 68, '2', 1, 0, 'Other', 1, 0, 0, 0, 0, 'Home', '2020-07-09', '2020-07-14', 5, 5),
(416, 1, '1', 2, 2, 'Complete Injury', 0, 2, NULL, NULL, NULL, NULL, '2020-07-20', NULL, NULL, 13),
(417, 1, '2', 0, 4, 'Other', 1, NULL, 4, 0, 1, 'Other', '2020-07-20', NULL, 0, 11),
(426, 1, '2', 0, 1, 'Complete Injury', 1, NULL, 0, 1, 1, 'Other', '2020-07-24', NULL, 0, 10),
(427, 1, '1', 15, 2, 'Other', 0, 3, NULL, NULL, NULL, NULL, '2020-08-26', NULL, NULL, 4),
(428, 1, '1', 1, 1, 'Complete Injury', 1, 1, NULL, NULL, NULL, NULL, '2020-08-30', NULL, NULL, 19),
(429, 76, '1', 8, 1, 'Complete Injury', 0, 4, NULL, NULL, NULL, NULL, '2020-09-16', NULL, NULL, 15),
(430, 69, '2', 4, 1, 'Other', 1, NULL, 4, 1, 0, 'Rehab facility', '2020-09-16', NULL, NULL, 18),
(431, 75, '1', 6, 1, 'Other', 1, 6, NULL, NULL, NULL, NULL, '2020-09-16', NULL, NULL, 15),
(432, 201, '1', 15, 2, 'Other', 0, 4, NULL, NULL, NULL, NULL, '2020-10-02', NULL, NULL, 4),
(433, 201, '2', 5, 3, 'Complete Injury', 1, NULL, 1, 1, 1, 'Rehab facility', '2021-02-28', NULL, NULL, 31),
(434, 201, '1', 3, 3, 'Complete Injury', 1, 4, NULL, NULL, NULL, NULL, '2021-03-05', NULL, NULL, 27),
(435, 80, '1', 5, 5, 'Complete Injury', 1, 3, NULL, NULL, NULL, NULL, '2021-03-05', NULL, NULL, 27);

-- --------------------------------------------------------

--
-- Table structure for table `medical_center_table`
--

CREATE TABLE `medical_center_table` (
  `center_id` int(255) NOT NULL COMMENT 'ID of Medical Center',
  `medical_center` varchar(255) NOT NULL COMMENT 'Name of Medical Center'
) ENGINE=InnoDB DEFAULT CHARSET=latin1;

--
-- Dumping data for table `medical_center_table`
--

INSERT INTO `medical_center_table` (`center_id`, `medical_center`) VALUES
(1, 'Rothman Orthopaedic Institute (Jefferson University Hospital)'),
(2, 'University of Washington Medical Center'),
(3, 'Grady Memorial Hospital (Emory University)'),
(4, 'University of Maryland/STC');

-- --------------------------------------------------------

--
-- Table structure for table `model_questions_table`
--

CREATE TABLE `model_questions_table` (
  `model` enum('1','2') NOT NULL,
  `question_id` int(11) NOT NULL COMMENT 'ID of the COVID Screening Question',
  `question_body` text NOT NULL COMMENT 'Main body of the question',
  `option_1` varchar(255) NOT NULL,
  `option_2` varchar(255) NOT NULL,
  `estimate` float NOT NULL COMMENT 'Stores estimate values'
) ENGINE=InnoDB DEFAULT CHARSET=latin1 COMMENT='Stores the questions and their weights from the loc';

--
-- Dumping data for table `model_questions_table`
--

INSERT INTO `model_questions_table` (`model`, `question_id`, `question_body`, `option_1`, `option_2`, `estimate`) VALUES
('1', 0, 'Intercept 1', '', '', 2.3),
('1', 1, 'Glasgow Coma Scale', 'GCS>=11', 'GCS<11', 0.52),
('1', 2, 'American Society of Anesthesiologists physical classification score', '1 or 2', '3 or 4', 0.17),
('1', 3, 'Neurological Status', 'Complete Injury', 'Other', 0.14),
('1', 4, 'Polytrauma', 'Yes', 'No', 0.12),
('1', 5, 'Injury Severity Score', '', '', 0.012),
('2', 6, 'Intercept 2', '', '', 2.27),
('2', 7, 'Glasgow Coma Scale ', '>=11', '<11', 0.31),
('2', 8, 'American Society of Anesthesiologists physical classification score', '1 or 2', '3 or 4', 0.096),
('2', 9, 'Neurological Status', 'Complete Injury', 'Other', 0.12),
('2', 10, 'Polytrauma', 'Yes', 'No', 0.16),
('2', 11, 'Number of Unique Complications', '', '', 0.093),
('2', 12, 'PRBC Transfusion', 'Yes', 'No', 0.085),
('2', 13, 'Skin Complication', 'Yes', 'No', 0.2),
('2', 14, 'Discharge Facility', 'Rehab Center', 'Other', 0.11);

-- --------------------------------------------------------

--
-- Table structure for table `patient_table`
--

CREATE TABLE `patient_table` (
  `mrn` varchar(255) NOT NULL COMMENT 'medical record number',
  `patient_id` int(255) NOT NULL,
  `age` int(20) DEFAULT NULL,
  `gender` enum('Male','Female') DEFAULT NULL,
  `bmi` float DEFAULT NULL,
  `insurance` enum('Private','Medicaid','Medicare','Other','No Insurance/Self-pay') DEFAULT NULL,
  `transfer` enum('0','1') NOT NULL COMMENT '0 = direct to trauma center. 1 = outside transfer',
  `cci` varchar(255) DEFAULT NULL,
  `physician_id` int(255) NOT NULL COMMENT 'identification number for the physician',
  `center_id` int(255) NOT NULL COMMENT 'id for the medical center the patient is located',
  `dob` date NOT NULL COMMENT 'date of birth',
  `admin_date` datetime NOT NULL,
  `surgery_date` datetime NOT NULL
) ENGINE=InnoDB DEFAULT CHARSET=latin1;

--
-- Dumping data for table `patient_table`
--

INSERT INTO `patient_table` (`mrn`, `patient_id`, `age`, `gender`, `bmi`, `insurance`, `transfer`, `cci`, `physician_id`, `center_id`, `dob`, `admin_date`, `surgery_date`) VALUES
('1-Fo-Hed', 1, 24, 'Male', 24.5, 'Private', '1', '0', 3, 1, '1996-03-22', '2020-08-13 13:42:00', '2020-08-14 13:42:00'),
('2-Ma-Vau', 2, 66, 'Female', 35.16, 'Medicare', '0', '1', 1, 1, '1954-02-26', '2020-08-14 13:52:00', '2020-08-15 13:52:00'),
('3-Ev-Jan', 3, 24, 'Male', 23.6, 'Private', '0', '0', 1, 1, '1996-04-23', '2020-08-19 12:20:00', '2020-08-20 12:20:00'),
('4-Ke-Raf', 4, 53, 'Male', 25.1, 'Private', '0', '0', 1, 1, '1967-04-14', '2020-08-20 22:19:00', '2020-08-21 22:19:00'),
('5-Ni-Ofe', 5, 60, 'Male', 32.7, 'Medicaid', '0', '2', 1, 1, '1960-04-14', '2020-08-13 10:45:00', '2020-08-14 10:45:00'),
('6-Fl-Mad', 6, 54, 'Male', 30.4, 'Private', '0', '0', 1, 1, '1966-01-25', '2020-08-14 13:43:00', '2020-08-15 13:43:00'),
('7-Ex-Kin', 7, 16, 'Male', 37.4, 'No Insurance/Self-pay', '0', '0', 1, 1, '2004-02-23', '2020-08-19 12:20:00', '2020-08-20 12:20:00'),
('8-He-Cyr', 8, 77, 'Female', 26.8, 'Medicare', '0', '6', 1, 1, '1943-02-17', '2020-08-18 19:20:00', '2020-08-19 19:20:00'),
('9-Is-Ted', 9, 23, 'Male', 23.7, 'Medicaid', '0', '0', 1, 1, '1997-02-20', '2020-08-20 20:35:00', '2020-08-21 20:35:00'),
('10-Wa-Aim', 10, 82, 'Female', 33.8, 'Medicare', '0', '1', 1, 1, '1938-01-11', '2020-08-11 12:34:00', '2020-08-12 12:34:00'),
('11-Ca-Gus', 11, 34, 'Male', 39.2, 'Medicaid', '0', '0', 1, 3, '1986-03-21', '2020-08-10 12:17:00', '2020-08-11 12:17:00'),
('12-At-Ros', 12, 20, 'Male', 21.1, 'Private', '0', '0', 1, 3, '2000-01-23', '2020-08-14 10:17:00', '2020-08-15 10:17:00'),
('13-Ta-Lav', 13, 87, 'Male', 23.7, 'Private', '0', '0', 1, 3, '1933-04-30', '2020-08-16 14:32:00', '2020-08-17 14:32:00'),
('14-Pa-Sta', 14, 24, 'Female', 23.1, 'Medicaid', '0', '0', 1, 3, '1996-01-10', '2020-08-16 14:56:00', '2020-08-17 14:56:00'),
('15-Da-Rox', 15, 29, 'Male', 25.8, 'Other', '0', '0', 1, 3, '1991-03-18', '2020-08-19 12:34:00', '2020-08-20 12:34:00'),
('16-Ba-Raw', 16, 57, 'Male', 25.1, 'Private', '0', '0', 1, 3, '1963-03-17', '2020-08-15 15:12:00', '2020-08-16 15:12:00'),
('17-Ca-Dre', 17, 19, 'Male', 25.8, 'Medicaid', '0', '0', 1, 3, '2001-04-27', '2020-08-13 11:22:00', '2020-08-14 11:22:00'),
('18-Ro-Gra', 18, 18, 'Male', 27.7, 'Medicaid', '0', '0', 1, 3, '2002-01-16', '2020-08-12 10:31:00', '2020-08-13 10:31:00'),
('19-Do-Hon', 19, 52, 'Male', 23.3, 'Medicaid', '0', '0', 1, 3, '1968-04-17', '2020-08-16 23:24:00', '2020-08-17 23:24:00'),
('20-La-Lor', 20, 57, 'Female', 24.5, 'Private', '0', '0', 1, 3, '1963-04-17', '2020-08-10 13:46:00', '2020-08-11 13:46:00'),
('21-Mc-Geo', 21, 52, 'Male', 31.63, 'Medicaid', '0', '1', 1, 3, '1968-03-26', '2020-08-15 14:44:00', '2020-08-16 14:44:00'),
('22-Go-Win', 22, 50, 'Male', 21.6, 'Medicaid', '0', '2', 1, 3, '1970-02-15', '2020-08-11 15:49:00', '2020-08-12 15:49:00'),
('23-Mc-Len', 23, 46, 'Male', 34.6, 'No Insurance/Self-pay', '0', '1', 1, 3, '1974-04-16', '2020-08-19 12:20:00', '2020-08-20 12:20:00'),
('24-An-Aim', 24, 21, 'Male', 29.8, 'Private', '0', '0', 1, 3, '1999-01-27', '2020-08-19 12:20:00', '2020-08-20 12:20:00'),
('25-Na-Bre', 25, 62, 'Male', 35.3, 'Private', '0', '1', 1, 3, '1958-03-12', '2020-08-14 18:27:00', '2020-08-15 18:27:00'),
('26-So-Cam', 26, 70, 'Male', 24.69, 'Medicare', '0', '2', 1, 3, '1950-03-25', '2020-08-17 22:38:00', '2020-08-18 22:38:00'),
('27-Se-Ric', 27, 75, 'Male', 25.2, 'Medicare', '0', '4', 1, 3, '1945-04-28', '2020-08-16 19:44:00', '2020-08-17 19:44:00'),
('28-Ma-Ang', 28, 24, 'Male', 23.96, 'Other', '0', '0', 1, 3, '1996-04-24', '2020-08-20 20:50:00', '2020-08-21 20:50:00'),
('29-Pr-Joh', 29, 60, 'Female', 22.96, 'Private', '0', '2', 1, 3, '1960-04-11', '2020-08-17 14:31:00', '2020-08-18 14:31:00'),
('30-Ta-Bri', 30, 48, 'Female', 25, 'No Insurance/Self-pay', '0', '1', 1, 3, '1972-02-22', '2020-08-17 12:36:00', '2020-08-18 12:36:00'),
('31-Br-Lor', 31, 71, 'Male', 26.8, 'Medicare', '0', '2', 1, 3, '1949-01-18', '2020-08-19 20:49:00', '2020-08-20 20:49:00'),
('32-Ga-Ada', 32, 49, 'Female', 19.8, 'Medicare', '0', '2', 1, 3, '1971-02-12', '2020-08-17 21:18:00', '2020-08-18 21:18:00'),
('33-Ca-Lyn', 33, 31, 'Female', 25.2, 'Medicaid', '0', '0', 1, 3, '1989-02-21', '2020-08-19 21:46:00', '2020-08-20 21:46:00'),
('34-Mi-Hal', 34, 44, 'Male', 23, 'No Insurance/Self-pay', '0', '0', 1, 3, '1976-04-27', '2020-08-19 20:31:00', '2020-08-20 20:31:00'),
('35-Sk-Toi', 35, 33, 'Male', 32.7, 'Medicaid', '0', '0', 1, 3, '1987-03-17', '2020-08-20 12:42:00', '2020-08-21 12:42:00'),
('36-Wh-Oma', 36, 57, 'Male', 23.4, 'Private', '0', '0', 1, 3, '1963-04-10', '2020-08-19 12:20:00', '2020-08-20 12:20:00'),
('37-Gr-Dur', 37, 22, 'Female', 29.3, 'No Insurance/Self-pay', '0', '0', 1, 3, '1998-04-10', '2020-08-14 11:11:00', '2020-08-15 11:11:00'),
('38-Ma-Hed', 38, 20, 'Male', 28.1, 'Other', '0', '0', 1, 3, '2000-02-19', '2020-08-19 10:31:00', '2020-08-20 10:31:00'),
('39-Wi-Gra', 39, 64, 'Male', 40.5, 'Private', '0', '4', 1, 3, '1956-01-14', '2020-08-13 21:35:00', '2020-08-14 21:35:00'),
('40-Hu-Daf', 40, 83, 'Male', 26.8, 'Medicare', '0', '1', 1, 3, '1937-04-14', '2020-08-19 12:20:00', '2020-08-20 12:20:00'),
('41-Sc-Mir', 41, 23, 'Male', 21, 'Medicaid', '0', '0', 1, 3, '1997-04-19', '2020-08-19 10:15:00', '2020-08-20 10:15:00'),
('42-Go-Esm', 42, 28, 'Male', 41.02, 'Private', '0', '2', 1, 3, '1992-02-27', '2020-08-12 10:44:00', '2020-08-13 10:44:00'),
('43-Hu-Fal', 43, 68, 'Male', 29.4, 'Medicare', '0', '1', 1, 3, '1952-01-18', '2020-08-19 23:36:00', '2020-08-20 23:36:00'),
('44-Gi-Mar', 44, 67, 'Male', 27.6, 'Medicare', '0', '3', 1, 3, '1953-03-20', '2020-08-19 15:13:00', '2020-08-20 15:13:00'),
('45-Na-Lau', 45, 42, 'Male', 0, 'Medicaid', '0', '1', 1, 3, '1978-03-12', '2020-08-15 20:59:00', '2020-08-16 20:59:00'),
('46-Le-Dya', 46, 59, 'Female', 25.07, 'Medicare', '0', '1', 1, 3, '1961-03-21', '2020-08-11 20:39:00', '2020-08-12 20:39:00'),
('47-Gh-Nei', 47, 33, 'Male', 24.4, 'Private', '0', '0', 1, 3, '1987-01-25', '2020-08-18 17:34:00', '2020-08-19 17:34:00'),
('48-Ba-Fai', 48, 61, 'Female', 21.99, 'Private', '0', '1', 1, 3, '1959-03-23', '2020-08-19 12:20:00', '2020-08-20 12:20:00'),
('49-So-Leg', 49, 36, 'Female', 25.91, 'Private', '0', '0', 1, 3, '1984-03-22', '2020-08-19 10:26:00', '2020-08-20 10:26:00'),
('50-El-Suk', 50, 16, 'Male', 24.4, 'Private', '0', '0', 1, 3, '2004-02-28', '2020-08-20 17:19:00', '2020-08-21 17:19:00'),
('51-La-Mar', 51, 55, 'Male', 28.3, 'Private', '0', '0', 1, 3, '1965-04-12', '2020-08-19 12:20:00', '2020-08-20 12:20:00'),
('52-Ru-Bre', 52, 55, 'Female', 22.5, 'Medicare', '0', '0', 1, 3, '1965-03-26', '2020-08-15 20:33:00', '2020-08-16 20:33:00'),
('53-Bl-Pru', 53, 18, 'Male', 23.5, 'Private', '0', '0', 1, 3, '2002-04-22', '2020-08-15 12:52:00', '2020-08-16 12:52:00'),
('54-Cl-Her', 54, 19, 'Male', 23.03, 'Medicaid', '0', '0', 1, 3, '2001-03-11', '2020-08-13 10:38:00', '2020-08-14 10:38:00'),
('55-Lo-Dor', 55, 60, 'Male', 28.34, 'Private', '0', '1', 1, 3, '1960-01-25', '2020-08-11 10:59:00', '2020-08-12 10:59:00'),
('56-Mc-Elb', 56, 30, 'Male', 0, 'Other', '0', '0', 1, 3, '1990-02-16', '2020-08-18 23:25:00', '2020-08-19 23:25:00'),
('57-Ha-Did', 57, 51, 'Female', 28.67, 'Medicaid', '0', '0', 1, 3, '1969-01-20', '2020-08-20 19:34:00', '2020-08-21 19:34:00'),
('58-Em-Rol', 58, 55, 'Male', 25.5, 'No Insurance/Self-pay', '0', '0', 1, 3, '1965-03-18', '2020-08-18 23:11:00', '2020-08-19 23:11:00'),
('59-He-Arc', 59, 42, 'Male', 22.6, 'Other', '0', '0', 1, 3, '1978-02-18', '2020-08-16 20:37:00', '2020-08-17 20:37:00'),
('60-La-Flo', 60, 25, 'Male', 19.2, 'Medicaid', '0', '0', 1, 3, '1995-02-26', '2020-08-11 23:43:00', '2020-08-12 23:43:00'),
('61-Gr-Hor', 61, 61, 'Male', 23.9, 'Medicaid', '0', '0', 1, 3, '1959-04-11', '2020-08-12 23:14:00', '2020-08-13 23:14:00'),
('62-He-Cor', 62, 25, 'Female', 19.9, 'Other', '0', '1', 1, 3, '1995-01-19', '2020-08-19 12:20:00', '2020-08-20 12:20:00'),
('63-La-Van', 63, 65, 'Male', 0, 'Medicare', '0', '1', 1, 3, '1955-03-30', '2020-08-14 23:25:00', '2020-08-15 23:25:00'),
('64-Fr-Ors', 64, 51, 'Female', 25.4, 'Private', '0', '3', 1, 3, '1969-03-19', '2020-08-19 12:20:00', '2020-08-20 12:20:00'),
('65-Co-Sim', 65, 76, 'Male', 34.4, 'Medicare', '0', '4', 1, 3, '1944-04-16', '2020-08-19 22:55:00', '2020-08-20 22:55:00'),
('66-Ca-Bax', 66, 23, 'Male', 24.5, 'Private', '0', '0', 2, 2, '1997-01-12', '2020-08-19 20:34:00', '2020-08-20 20:34:00'),
('67-Po-Per', 67, 29, 'Male', 23, 'Medicaid', '0', '0', 2, 2, '1991-03-15', '2020-08-14 23:43:00', '2020-08-15 23:43:00'),
('68-Dw-Jor', 68, 69, 'Male', 23.39, 'Other', '0', '0', 2, 2, '1951-01-24', '2020-08-14 14:21:00', '2020-08-15 14:21:00'),
('69-Lo-Wes', 69, 21, 'Male', 24, 'Private', '0', '0', 2, 2, '1999-02-19', '2020-08-15 20:36:00', '2020-08-16 20:36:00'),
('70-To-Cec', 70, 31, 'Male', 27.4, 'Private', '0', '0', 2, 2, '1989-02-28', '2020-08-15 11:39:00', '2020-08-16 11:39:00'),
('71-Lo-Nei', 71, 22, 'Male', 25.5, 'Medicaid', '0', '0', 2, 2, '1998-04-23', '2020-08-20 19:56:00', '2020-08-21 19:56:00'),
('72-Be-Tul', 72, 65, 'Female', 35.2, 'Private', '0', '1', 2, 2, '1955-03-11', '2020-08-11 15:53:00', '2020-08-12 15:53:00'),
('73-Mi-Cor', 73, 54, 'Male', 24.7, 'Medicare', '0', '0', 2, 2, '1966-03-29', '2020-08-20 11:41:00', '2020-08-21 11:41:00'),
('74-Kr-How', 74, 38, 'Female', 18.5, 'Private', '0', '0', 2, 2, '1982-04-25', '2020-08-19 22:52:00', '2020-08-20 22:52:00'),
('75-Ni-Bet', 75, 57, 'Male', 23.6, 'Medicare', '0', '7', 2, 2, '1963-02-21', '2020-08-18 10:46:00', '2020-08-19 10:46:00'),
('76-Ba-Ing', 76, 34, 'Male', 22.8, 'Medicaid', '0', '0', 2, 2, '1986-02-27', '2020-08-19 23:19:00', '2020-08-20 23:19:00'),
('77-De-Don', 77, 24, 'Female', 23.1, 'No Insurance/Self-pay', '0', '0', 2, 2, '1996-04-29', '2020-08-19 12:20:00', '2020-08-20 12:20:00'),
('78-Th-Her', 78, 28, 'Male', 30.2, 'Other', '0', '0', 2, 2, '1992-01-13', '2020-08-15 15:10:00', '2020-08-16 15:10:00'),
('79-Ke-Isi', 79, 64, 'Male', 26.7, 'Private', '0', '2', 2, 2, '1956-04-17', '2020-08-14 15:32:00', '2020-08-15 15:32:00'),
('80-Ni-Kel', 80, 44, 'Male', 29.94, 'No Insurance/Self-pay', '0', '0', 2, 1, '1976-02-15', '2020-08-12 20:45:00', '2020-08-13 20:45:00'),
('81-Ru-Gia', 81, 33, 'Male', 19.77, 'Private', '0', '0', 2, 1, '1987-04-27', '2020-08-19 12:58:00', '2020-08-20 12:58:00'),
('82-Fr-Far', 82, 60, 'Male', 27.4, 'Medicare', '0', '4', 2, 1, '1960-03-27', '2020-08-18 13:31:00', '2020-08-19 13:31:00'),
('83-Dr-Jea', 83, 24, 'Male', 20.82, 'Private', '0', '0', 2, 1, '1996-01-27', '2020-08-13 10:27:00', '2020-08-14 10:27:00'),
('84-Cl-Sun', 84, 27, 'Male', 25.2, 'Private', '0', '0', 2, 1, '1993-04-13', '2020-08-16 18:19:00', '2020-08-17 18:19:00'),
('85-Pa-Gag', 85, 63, 'Male', 23.1, 'Medicare', '0', '0', 2, 1, '1957-03-22', '2020-08-20 21:19:00', '2020-08-21 21:19:00'),
('86-Fo-Wyn', 86, 39, 'Female', 25.8, 'Private', '0', '2', 2, 1, '1981-01-23', '2020-08-17 21:13:00', '2020-08-18 21:13:00'),
('87-De-Cor', 87, 25, 'Male', 23.77, 'Medicaid', '0', '3', 2, 1, '1995-03-30', '2020-08-12 23:36:00', '2020-08-13 23:36:00'),
('88-Lo-Dan', 88, 43, 'Male', 27.57, 'Private', '0', '0', 2, 1, '1977-04-20', '2020-08-16 14:58:00', '2020-08-17 14:58:00'),
('89-Gr-Dru', 89, 78, 'Male', 23.7, 'No Insurance/Self-pay', '0', '0', 2, 1, '1942-04-22', '2020-08-10 20:11:00', '2020-08-11 20:11:00'),
('90-Se-Car', 90, 31, 'Male', 22.5, 'Other', '0', '0', 2, 1, '1989-02-27', '2020-08-20 10:15:00', '2020-08-21 10:15:00'),
('91-Me-Lee', 91, 31, 'Female', 22.15, 'Medicaid', '0', '2', 2, 1, '1989-03-16', '2020-08-17 17:52:00', '2020-08-18 17:52:00'),
('92-Ka-Nad', 92, 29, 'Male', 24.33, 'Medicaid', '0', '0', 2, 1, '1991-04-26', '2020-08-15 14:38:00', '2020-08-16 14:38:00'),
('93-O\'-Ber', 93, 55, 'Male', 38.9, 'Private', '0', '0', 2, 1, '1965-02-13', '2020-08-15 15:51:00', '2020-08-16 15:51:00'),
('94-Co-Sus', 94, 40, 'Male', 31.2, 'Medicaid', '0', '0', 2, 1, '1980-01-23', '2020-08-11 22:20:00', '2020-08-12 22:20:00'),
('95-Co-Jos', 95, 74, 'Female', 28.3, 'Private', '0', '0', 2, 1, '1946-04-20', '2020-08-15 23:38:00', '2020-08-16 23:38:00'),
('96-Sm-Jor', 96, 75, 'Male', 25.7, 'Medicare', '0', '3', 2, 1, '1945-04-17', '2020-08-19 13:35:00', '2020-08-20 13:35:00'),
('97-Ri-Bri', 97, 79, 'Female', 27.47, 'Medicare', '0', '1', 2, 1, '1941-04-24', '2020-08-16 18:40:00', '2020-08-17 18:40:00'),
('98-Pr-Cas', 98, 61, 'Female', 0, 'Medicare', '0', '1', 2, 1, '1959-03-18', '2020-08-16 11:23:00', '2020-08-17 11:23:00'),
('99-Pa-Ebe', 99, 58, 'Male', 24.7, 'Private', '0', '0', 2, 1, '1962-03-27', '2020-08-19 12:20:00', '2020-08-20 12:20:00'),
('100-Ma-Les', 100, 46, 'Female', 28.4, 'No Insurance/Self-pay', '0', '0', 2, 1, '1974-04-30', '2020-08-12 20:52:00', '2020-08-13 20:52:00'),
('101-Ke-Moz', 101, 26, 'Male', 25.9, 'Private', '0', '0', 2, 1, '1994-04-18', '2020-08-18 18:59:00', '2020-08-19 18:59:00'),
('102-Ra-Est', 102, 75, 'Female', 37.6, 'Medicare', '0', '1', 2, 1, '1945-02-26', '2020-08-18 22:11:00', '2020-08-19 22:11:00'),
('103-Ta-Dan', 103, 49, 'Male', 24.18, 'Private', '0', '0', 2, 1, '1971-03-23', '2020-08-18 11:57:00', '2020-08-19 11:57:00'),
('104-Br-Bli', 104, 36, 'Female', 27.4, 'Private', '0', '0', 2, 1, '1984-02-27', '2020-08-16 23:30:00', '2020-08-17 23:30:00'),
('105-Ga-Sym', 105, 28, 'Male', 24, 'No Insurance/Self-pay', '0', '0', 2, 1, '1992-04-15', '2020-08-16 11:57:00', '2020-08-17 11:57:00'),
('106-O\'-Ina', 106, 57, 'Male', 31.6, 'Private', '0', '0', 2, 1, '1963-04-28', '2020-08-15 20:28:00', '2020-08-16 20:28:00'),
('107-Ma-Bet', 107, 77, 'Female', 34.3, 'Private', '0', '2', 2, 1, '1943-04-22', '2020-08-15 11:11:00', '2020-08-16 11:11:00'),
('108-Sc-Rol', 108, 37, 'Male', 27, 'Private', '0', '0', 2, 1, '1983-02-28', '2020-08-10 16:11:00', '2020-08-11 16:11:00'),
('109-Mc-Fle', 109, 41, 'Male', 26.08, 'Other', '0', '0', 2, 1, '1979-01-21', '2020-08-19 12:20:00', '2020-08-20 12:20:00'),
('110-Iv-Mol', 110, 59, 'Male', 41, 'Private', '0', '0', 2, 1, '1961-02-28', '2020-08-19 12:20:00', '2020-08-20 12:20:00'),
('111-Hu-Isa', 111, 17, 'Male', 18.32, 'Private', '0', '0', 2, 1, '2003-03-29', '2020-08-15 15:30:00', '2020-08-16 15:30:00'),
('112-Po-Fid', 112, 78, 'Male', 41.4, 'Medicare', '0', '3', 2, 1, '1942-02-21', '2020-08-19 12:20:00', '2020-08-20 12:20:00'),
('113-Ga-Lon', 113, 56, 'Male', 28, 'Medicare', '0', '0', 2, 1, '1964-02-22', '2020-08-11 13:30:00', '2020-08-12 13:30:00'),
('114-Ko-Car', 114, 61, 'Male', 35.6, 'Private', '0', '0', 2, 1, '1959-02-25', '2020-08-14 11:14:00', '2020-08-15 11:14:00'),
('115-Sa-Joe', 115, 31, 'Male', 28.7, 'Medicaid', '0', '0', 2, 1, '1989-02-13', '2020-08-19 13:10:00', '2020-08-20 13:10:00'),
('116-He-Tal', 116, 68, 'Female', 40.95, 'Medicare', '0', '1', 2, 1, '1952-03-24', '2020-08-14 20:17:00', '2020-08-15 20:17:00'),
('117-He-Joe', 117, 31, 'Male', 33.1, 'Private', '0', '0', 2, 1, '1989-02-23', '2020-08-19 14:33:00', '2020-08-20 14:33:00'),
('118-Be-Boo', 118, 18, 'Female', 0, 'Private', '0', '0', 2, 1, '2002-01-21', '2020-08-10 20:37:00', '2020-08-11 20:37:00'),
('119-Ep-Rit', 119, 70, 'Male', 40.3, 'Private', '0', '2', 2, 1, '1950-04-26', '2020-08-13 20:46:00', '2020-08-14 20:46:00'),
('120-Je-Uri', 120, 17, 'Female', 36.5, 'Private', '0', '0', 2, 1, '2003-02-26', '2020-08-10 23:51:00', '2020-08-11 23:51:00'),
('121-Ke-Kar', 121, 27, 'Male', 29.52, 'Medicaid', '0', '2', 2, 1, '1993-01-12', '2020-08-15 13:33:00', '2020-08-16 13:33:00'),
('122-Ra-Ran', 122, 53, 'Female', 21, 'No Insurance/Self-pay', '0', '2', 2, 1, '1967-01-20', '2020-08-17 20:26:00', '2020-08-18 20:26:00'),
('123-Ba-Viv', 123, 28, 'Male', 27.7, 'Private', '0', '0', 2, 1, '1992-01-14', '2020-08-19 12:20:00', '2020-08-20 12:20:00'),
('124-Gw-Che', 124, 65, 'Male', 42.68, 'Medicare', '0', '3', 2, 1, '1955-01-29', '2020-08-11 17:43:00', '2020-08-12 17:43:00'),
('125-O\'-Ade', 125, 28, 'Male', 27.1, 'Medicaid', '0', '0', 2, 1, '1992-03-23', '2020-08-20 21:34:00', '2020-08-21 21:34:00'),
('126-Ai-Edw', 126, 23, 'Male', 30.52, 'Private', '0', '0', 2, 1, '1997-04-25', '2020-08-13 13:49:00', '2020-08-14 13:49:00'),
('127-Wa-Bre', 127, 24, 'Male', 18.1, 'Private', '0', '0', 2, 1, '1996-04-16', '2020-08-19 21:36:00', '2020-08-20 21:36:00'),
('128-Mi-Wil', 128, 51, 'Female', 27.94, 'Private', '0', '0', 2, 1, '1969-02-20', '2020-08-11 15:42:00', '2020-08-12 15:42:00'),
('129-Ha-Ali', 129, 31, 'Female', 27.4, 'Private', '0', '0', 2, 1, '1989-02-11', '2020-08-19 12:20:00', '2020-08-20 12:20:00'),
('130-Ga-Kar', 130, 52, 'Female', 23.5, 'Medicaid', '0', '0', 2, 1, '1968-03-11', '2020-08-10 13:29:00', '2020-08-11 13:29:00'),
('131-Ki-Ros', 131, 28, 'Male', 28, 'Private', '0', '0', 3, 1, '1992-03-20', '2020-08-15 10:49:00', '2020-08-16 10:49:00'),
('132-Ca-Ign', 132, 60, 'Male', 28.9, 'Private', '0', '0', 3, 1, '1960-03-11', '2020-08-15 16:34:00', '2020-08-16 16:34:00'),
('133-Co-Teo', 133, 47, 'Male', 21.29, 'Other', '0', '0', 3, 1, '1973-04-26', '2020-08-15 14:28:00', '2020-08-16 14:28:00'),
('134-Ya-Dim', 134, 83, 'Male', 24, 'Medicare', '0', '5', 3, 1, '1937-01-14', '2020-08-20 16:30:00', '2020-08-21 16:30:00'),
('135-Gr-Gin', 135, 35, 'Male', 25.9, 'Private', '0', '0', 3, 1, '1985-01-30', '2020-08-11 21:38:00', '2020-08-12 21:38:00'),
('136-Ko-Mar', 136, 62, 'Male', 29.2, 'Private', '0', '2', 3, 1, '1958-03-27', '2020-08-15 20:13:00', '2020-08-16 20:13:00'),
('137-Cr-Gyp', 137, 50, 'Female', 22.5, 'No Insurance/Self-pay', '0', '0', 3, 1, '1970-03-24', '2020-08-13 23:19:00', '2020-08-14 23:19:00'),
('138-Ma-Kyl', 138, 60, 'Female', 0, 'Private', '0', '0', 3, 1, '1960-02-15', '2020-08-14 16:48:00', '2020-08-15 16:48:00'),
('139-Ro-Mer', 139, 39, 'Male', 23.14, 'Medicaid', '0', '0', 3, 1, '1981-02-25', '2020-08-10 17:57:00', '2020-08-11 17:57:00'),
('140-Li-Gab', 140, 91, 'Male', 26.3, 'Medicare', '0', '5', 3, 1, '1929-01-25', '2020-08-12 17:25:00', '2020-08-13 17:25:00'),
('141-Mo-Cul', 141, 25, 'Male', 23, 'Private', '0', '0', 3, 1, '1995-01-11', '2020-08-20 23:56:00', '2020-08-21 23:56:00'),
('142-Th-Dit', 142, 20, 'Male', 23, 'Private', '0', '0', 3, 1, '2000-01-12', '2020-08-11 11:18:00', '2020-08-12 11:18:00'),
('143-Br-Tie', 143, 38, 'Female', 28.1, 'Private', '0', '0', 3, 3, '1982-01-16', '2020-08-12 20:49:00', '2020-08-13 20:49:00'),
('144-St-Mal', 144, 16, 'Female', 26.6, 'Medicaid', '0', '0', 3, 3, '2004-03-24', '2020-08-16 13:33:00', '2020-08-17 13:33:00'),
('145-Ho-Hum', 145, 29, 'Male', 27.12, 'Private', '0', '0', 3, 3, '1991-04-12', '2020-08-19 12:20:00', '2020-08-20 12:20:00'),
('146-Th-Cha', 146, 40, 'Female', 29.4, 'Private', '0', '0', 3, 3, '1980-03-23', '2020-08-11 13:40:00', '2020-08-12 13:40:00'),
('147-He-Ann', 147, 70, 'Male', 27.6, 'Private', '0', '0', 3, 3, '1950-04-28', '2020-08-12 16:39:00', '2020-08-13 16:39:00'),
('148-Wo-Pep', 148, 35, 'Male', 23.5, 'Medicaid', '0', '0', 3, 3, '1985-01-21', '2020-08-10 10:43:00', '2020-08-11 10:43:00'),
('149-Iv-War', 149, 30, 'Female', 28.3, 'Private', '0', '0', 3, 3, '1990-01-14', '2020-08-14 21:39:00', '2020-08-15 21:39:00'),
('150-Qu-Ric', 150, 65, 'Male', 25.05, 'Medicare', '0', '3', 3, 3, '1955-02-24', '2020-08-18 17:55:00', '2020-08-19 17:55:00'),
('151-No-Fra', 151, 27, 'Male', 29.2, 'Private', '0', '0', 3, 3, '1993-03-22', '2020-08-20 11:12:00', '2020-08-21 11:12:00'),
('152-Fa-Maj', 152, 33, 'Female', 33.07, 'Medicaid', '0', '0', 3, 3, '1987-03-11', '2020-08-19 12:20:00', '2020-08-20 12:20:00'),
('153-Ma-Bar', 153, 80, 'Female', 22.04, 'Medicare', '0', '0', 3, 3, '1940-04-12', '2020-08-10 17:36:00', '2020-08-11 17:36:00'),
('154-Bu-Mau', 154, 32, 'Female', 48.5, 'No Insurance/Self-pay', '0', '0', 3, 3, '1988-04-26', '2020-08-16 15:56:00', '2020-08-17 15:56:00'),
('155-Ca-Mic', 155, 31, 'Female', 25.6, 'Medicaid', '0', '0', 3, 3, '1989-03-17', '2020-08-18 10:25:00', '2020-08-19 10:25:00'),
('156-Tr-Mad', 156, 48, 'Male', 32.4, 'Other', '0', '1', 3, 3, '1972-01-24', '2020-08-18 14:17:00', '2020-08-19 14:17:00'),
('157-Wa-Bax', 157, 31, 'Female', 27.6, 'Private', '0', '0', 3, 3, '1989-02-24', '2020-08-10 11:12:00', '2020-08-11 11:12:00'),
('158-Lo-Rik', 158, 60, 'Female', 44.6, 'Medicaid', '0', '4', 3, 3, '1960-04-12', '2020-08-13 10:41:00', '2020-08-14 10:41:00'),
('159-Tr-Nea', 159, 58, 'Male', 34.6, 'Private', '0', '2', 3, 3, '1962-02-25', '2020-08-19 15:56:00', '2020-08-20 15:56:00'),
('160-O\'-Has', 160, 90, 'Male', 21.97, 'Medicare', '0', '5', 3, 3, '1930-01-11', '2020-08-20 21:43:00', '2020-08-21 21:43:00'),
('161-Ap-Mat', 161, 31, 'Male', 22.6, 'Other', '0', '0', 3, 3, '1989-02-21', '2020-08-12 14:17:00', '2020-08-13 14:17:00'),
('162-Do-Sha', 162, 26, 'Male', 29.5, 'Private', '0', '0', 3, 3, '1994-02-28', '2020-08-13 15:28:00', '2020-08-14 15:28:00'),
('163-Me-Col', 163, 44, 'Male', 33.72, 'Private', '0', '0', 3, 3, '1976-04-13', '2020-08-17 18:48:00', '2020-08-18 18:48:00'),
('164-Co-Der', 164, 46, 'Female', 27.44, 'Private', '0', '0', 3, 3, '1974-03-21', '2020-08-13 12:35:00', '2020-08-14 12:35:00'),
('165-Mi-Jer', 165, 24, 'Female', 23.7, 'Private', '0', '0', 3, 3, '1996-02-12', '2020-08-20 12:18:00', '2020-08-21 12:18:00'),
('166-De-Val', 166, 82, 'Male', 23.1, 'Private', '0', '2', 3, 3, '1938-03-12', '2020-08-16 12:23:00', '2020-08-17 12:23:00'),
('167-Gr-Can', 167, 21, 'Male', 21.81, 'Medicaid', '0', '0', 3, 3, '1999-04-24', '2020-08-10 11:39:00', '2020-08-11 11:39:00'),
('168-Th-Bur', 168, 61, 'Female', 30, 'Private', '0', '0', 3, 3, '1959-04-15', '2020-08-12 19:41:00', '2020-08-13 19:41:00'),
('169-Sh-Ode', 169, 46, 'Male', 39.6, 'Medicare', '0', '0', 3, 3, '1974-03-19', '2020-08-14 13:12:00', '2020-08-15 13:12:00'),
('170-Ca-Rin', 170, 53, 'Male', 30.11, 'Other', '0', '1', 3, 3, '1967-01-12', '2020-08-20 18:27:00', '2020-08-21 18:27:00'),
('171-Be-Ann', 171, 29, 'Male', 18.1, 'Medicaid', '0', '0', 3, 3, '1991-01-11', '2020-08-12 14:49:00', '2020-08-13 14:49:00'),
('172-De-Onf', 172, 22, 'Female', 24, 'Medicaid', '0', '0', 3, 3, '1998-01-30', '2020-08-20 12:51:00', '2020-08-21 12:51:00'),
('173-Ci-Ive', 173, 52, 'Male', 29.7, 'Private', '0', '2', 3, 3, '1968-04-27', '2020-08-16 19:57:00', '2020-08-17 19:57:00'),
('174-Ra-Kel', 174, 28, 'Male', 22.81, 'Other', '0', '1', 3, 3, '1992-03-29', '2020-08-15 19:26:00', '2020-08-16 19:26:00'),
('175-Ar-Hor', 175, 37, 'Female', 44.42, 'Medicaid', '0', '3', 3, 3, '1983-04-24', '2020-08-10 23:58:00', '2020-08-11 23:58:00'),
('176-Ab-Dus', 176, 29, 'Male', 22.44, 'Medicaid', '0', '0', 3, 3, '1991-01-12', '2020-08-20 10:37:00', '2020-08-21 10:37:00'),
('177-Sp-Sha', 177, 84, 'Female', 23.77, 'Medicare', '0', '2', 3, 3, '1936-03-15', '2020-08-14 17:20:00', '2020-08-15 17:20:00'),
('178-Fo-Kee', 178, 49, 'Male', 29.9, 'Medicaid', '0', '0', 3, 3, '1971-03-12', '2020-08-19 12:20:00', '2020-08-20 12:20:00'),
('179-Ye-Fay', 179, 50, 'Male', 26.85, 'Medicaid', '0', '0', 3, 3, '1970-01-22', '2020-08-10 14:12:00', '2020-08-11 14:12:00'),
('180-We-Lan', 180, 53, 'Male', 34, 'Medicaid', '0', '6', 3, 3, '1967-03-13', '2020-08-11 22:42:00', '2020-08-12 22:42:00'),
('181-Ad-Lio', 181, 62, 'Male', 26.4, 'Medicare', '0', '0', 3, 3, '1958-01-25', '2020-08-19 12:20:00', '2020-08-20 12:20:00'),
('182-Wr-Mic', 182, 70, 'Male', 25.7, 'Medicare', '0', '2', 3, 3, '1950-03-13', '2020-08-13 21:56:00', '2020-08-14 21:56:00'),
('183-Ge-Giu', 183, 73, 'Female', 36.14, 'Medicare', '0', '3', 3, 3, '1947-02-22', '2020-08-13 16:42:00', '2020-08-14 16:42:00'),
('184-Gy-Dom', 184, 21, 'Female', 21.48, 'Private', '0', '0', 3, 3, '1999-01-16', '2020-08-19 19:22:00', '2020-08-20 19:22:00'),
('185-Co-Het', 185, 34, 'Male', 29.9, 'Medicaid', '0', '0', 3, 3, '1986-01-28', '2020-08-14 12:42:00', '2020-08-15 12:42:00'),
('186-Me-Lau', 186, 41, 'Male', 24.6, 'Medicaid', '0', '0', 3, 3, '1979-03-14', '2020-08-20 12:19:00', '2020-08-21 12:19:00'),
('187-Al-Wes', 187, 24, 'Male', 25.23, 'Private', '0', '0', 3, 3, '1996-02-24', '2020-08-12 12:47:00', '2020-08-13 12:47:00'),
('188-Ch-Don', 188, 23, 'Male', 24.9, 'No Insurance/Self-pay', '0', '', 3, 3, '1997-01-28', '2020-08-19 13:42:00', '2020-08-20 13:42:00'),
('189-Ol-Car', 189, 68, 'Male', 24.3, 'Medicare', '0', '0', 3, 3, '1952-02-20', '2020-08-13 13:26:00', '2020-08-14 13:26:00'),
('190-Mo-Kri', 190, 37, 'Male', 32.7, 'Other', '0', '0', 3, 3, '1983-01-22', '2020-08-11 14:35:00', '2020-08-12 14:35:00'),
('191-Ov-Mar', 191, 48, 'Female', 24.4, 'Other', '0', '0', 3, 3, '1972-02-15', '2020-08-10 14:35:00', '2020-08-11 14:35:00'),
('192-Fi-Cor', 192, 22, 'Male', 25.1, 'Medicaid', '0', '0', 3, 3, '1998-04-24', '2020-08-11 14:33:00', '2020-08-12 14:33:00'),
('193-Em-Kim', 193, 74, 'Male', 33.9, 'Medicare', '0', '0', 3, 3, '1946-01-14', '2020-08-13 20:49:00', '2020-08-14 20:49:00'),
('194-Ho-Low', 194, 75, 'Male', 24.9, 'Medicare', '0', '0', 3, 3, '1945-02-24', '2020-08-17 12:27:00', '2020-08-18 12:27:00'),
('195-Kl-Bel', 195, 86, 'Male', 23.62, 'Medicare', '0', '0', 3, 3, '1934-04-12', '2020-08-20 18:52:00', '2020-08-21 18:52:00'),
('196-Ic-Abe', 196, 53, 'Male', 29.3, 'Private', '0', '0', 3, 3, '1967-02-24', '2020-08-13 16:12:00', '2020-08-14 16:12:00'),
('', 197, 25, 'Female', 15, 'Medicaid', '0', '4', 3, 3, '0000-00-00', '2020-09-09 15:57:00', '2020-09-12 15:57:00'),
('', 198, 25, 'Male', 0, 'Medicare', '0', '0', 2, 1, '0000-00-00', '2020-09-09 13:10:00', '2020-09-09 13:10:00'),
('', 199, 15, 'Male', 20, 'Medicaid', '0', '4', 2, 1, '0000-00-00', '2020-09-11 18:52:00', '2020-09-11 20:52:00'),
('', 200, 25, 'Male', 15, 'Medicare', '1', '4', 2, 2, '0000-00-00', '2020-09-22 19:53:00', '2020-09-14 17:56:00'),
('', 201, 65, 'Male', 20, 'Medicare', '0', '11', 1, 4, '0000-00-00', '2020-10-02 03:56:00', '2020-10-02 17:56:00'),
('', 202, 25, 'Male', 15, 'Private', '1', '4', 2, 2, '0000-00-00', '2020-10-12 01:05:00', '2020-10-11 11:07:00'),
('', 203, 25, 'Male', 15, 'Medicare', '1', '4', 2, 1, '0000-00-00', '2020-10-14 02:07:00', '2020-10-07 01:08:00'),
('', 204, 25, 'Female', 15, 'Medicare', '0', '4', 2, 2, '0000-00-00', '2020-10-16 11:25:00', '2020-10-21 03:23:00'),
('', 205, 25, 'Male', 15, 'Medicaid', '0', '4', 3, 3, '0000-00-00', '2020-10-21 11:41:00', '2020-10-15 03:38:00'),
('', 206, 25, 'Male', 18, 'Medicare', '1', '4', 3, 3, '0000-00-00', '2020-10-02 11:49:00', '2020-10-20 11:51:00'),
('', 207, 89, 'Male', 27.2, 'Medicare', '0', '6', 1, 4, '0000-00-00', '2020-10-25 18:08:00', '2020-10-28 11:32:00'),
('', 208, 30, 'Male', 23.49, 'Medicaid', '0', '0', 1, 4, '0000-00-00', '2021-01-15 11:54:00', '2021-01-15 16:31:00'),
('', 209, 23, 'Male', 33.33, 'Private', '1', '0', 1, 4, '0000-00-00', '2021-01-30 04:58:00', '2021-02-01 17:18:00');

-- --------------------------------------------------------

--
-- Table structure for table `physician_table`
--

CREATE TABLE `physician_table` (
  `physician_id` int(255) NOT NULL,
  `first_name` text NOT NULL,
  `last_name` text NOT NULL,
  `primary_center` int(255) NOT NULL,
  `secondary_center` int(255) NOT NULL
) ENGINE=InnoDB DEFAULT CHARSET=latin1;

--
-- Dumping data for table `physician_table`
--

INSERT INTO `physician_table` (`physician_id`, `first_name`, `last_name`, `primary_center`, `secondary_center`) VALUES
(1, 'Dr. Steven', 'Ludwig', 4, 4),
(2, 'Dr. Jeffrey', 'Wolf', 2, 1),
(3, 'Dr. Charles', 'Sansur', 1, 3),
(4, 'Dr. Daniel', 'Gelb', 4, 4),
(5, 'Dr. Eugene', 'Koh', 4, 4),
(6, 'Dr. Daniel', 'Cavanaugh', 4, 4);

-- --------------------------------------------------------

--
-- Table structure for table `procedure_table`
--

CREATE TABLE `procedure_table` (
  `procedure_id` int(10) DEFAULT NULL,
  `patient_id` int(10) DEFAULT NULL,
  `minutes` int(10) DEFAULT NULL,
  `procedure` varchar(255) DEFAULT NULL,
  `type_procedure` varchar(255) DEFAULT NULL,
  `specialist_id` varchar(255) DEFAULT NULL,
  `insurance_type` varchar(255) DEFAULT NULL,
  `procedure_cost_per_hour` int(10) DEFAULT NULL,
  `reduction_days` varchar(255) DEFAULT NULL,
  `savings` varchar(255) DEFAULT NULL
) ENGINE=MyISAM DEFAULT CHARSET=utf8;

--
-- Dumping data for table `procedure_table`
--

INSERT INTO `procedure_table` (`procedure_id`, `patient_id`, `minutes`, `procedure`, `type_procedure`, `specialist_id`, `insurance_type`, `procedure_cost_per_hour`, `reduction_days`, `savings`) VALUES
(1, 16, 75, 'physical_therapy', 'Massage', 'PT_tb', 'Medicare', 61, '1.161834242728283', '1539.430371614975'),
(2, 172, 75, 'physical_therapy', 'Acupuncture', 'PT_ew', 'Medicare', 57, '1.161834242728283', '1539.430371614975'),
(3, 162, 45, 'occupational_therapy', 'OT_A', 'OT_js', 'No Insurance/Self-pay', 150, '1.013591536450206', '1343.008785796523'),
(4, 176, 45, 'physical_therapy', 'Exercise', 'PT_ew', 'Medicaid', 49, '1.0941742837052104', '1449.7809259094038'),
(5, 150, 100, 'occupational_therapy', 'OT_B', 'OT_gr', 'No Insurance/Self-pay', 120, '1.030454533953517', '1365.35225748841'),
(6, 46, 60, 'occupational_therapy', 'OT_A', 'OT_pd', 'No Insurance/Self-pay', 150, '1.0181629763897937', '1349.0659437164766'),
(7, 161, 45, 'physical_therapy', 'Exercise', 'PT_ew', 'No Insurance/Self-pay', 150, '1.0941742837052104', '1449.7809259094038'),
(8, 102, 60, 'occupational_therapy', 'OT_A', 'OT_gr', 'Other', 61, '1.0181629763897937', '1349.0659437164766'),
(9, 86, 15, 'occupational_therapy', 'OT_A', 'OT_js', 'No Insurance/Self-pay', 120, '1.0045101402046013', '1330.9759357710966'),
(10, 58, 100, 'physical_therapy', 'Acupuncture', 'PT_tb', 'No Insurance/Self-pay', 75, '1.2214027581601699', '1618.358654562225'),
(11, 131, 75, 'physical_therapy', 'Massage', 'PT_tb', 'No Insurance/Self-pay', 75, '1.161834242728283', '1539.430371614975'),
(12, 67, 30, 'occupational_therapy', 'OT_B', 'OT_js', 'No Insurance/Self-pay', 120, '1.0090406217738679', '1336.978823850375'),
(13, 41, 75, 'physical_therapy', 'Exercise', 'PT_as', 'No Insurance/Self-pay', 150, '1.161834242728283', '1539.430371614975'),
(14, 91, 45, 'physical_therapy', 'Massage', 'PT_ew', 'Private', 60, '1.0941742837052104', '1449.7809259094038'),
(15, 156, 100, 'physical_therapy', 'Acupuncture', 'PT_as', 'Medicare', 26, '1.2214027581601699', '1618.358654562225'),
(16, 62, 30, 'occupational_therapy', 'OT_B', 'OT_gr', 'Other', 36, '1.0090406217738679', '1336.978823850375'),
(17, 167, 60, 'occupational_therapy', 'OT_A', 'OT_1b', 'Private', 63, '1.0181629763897937', '1349.0659437164766'),
(18, 69, 45, 'occupational_therapy', 'OT_A', 'OT_1b', 'Private', 43, '1.013591536450206', '1343.008785796523'),
(19, 30, 30, 'physical_therapy', 'Exercise', 'PT_ew', 'Medicaid', 61, '1.0618365465453596', '1406.9334241726015'),
(20, 118, 100, 'occupational_therapy', 'OT_B', 'OT_pd', 'Medicare', 50, '1.030454533953517', '1365.35225748841'),
(21, 89, 60, 'occupational_therapy', 'OT_B', 'OT_1b', 'No Insurance/Self-pay', 150, '1.0181629763897937', '1349.0659437164766'),
(22, 87, 15, 'physical_therapy', 'Acupuncture', 'PT_ew', 'Medicaid', 29, '1.030454533953517', '1365.35225748841'),
(23, 2, 15, 'occupational_therapy', 'OT_B', 'OT_pd', 'Medicare', 64, '1.0045101402046013', '1330.9759357710966'),
(24, 113, 45, 'physical_therapy', 'Acupuncture', 'PT_uo', 'No Insurance/Self-pay', 150, '1.0941742837052104', '1449.7809259094038'),
(25, 194, 15, 'occupational_therapy', 'OT_A', 'OT_js', 'No Insurance/Self-pay', 150, '1.0045101402046013', '1330.9759357710966'),
(26, 81, 100, 'occupational_therapy', 'OT_A', 'OT_gr', 'No Insurance/Self-pay', 75, '1.030454533953517', '1365.35225748841'),
(27, 107, 60, 'occupational_therapy', 'OT_B', 'OT_pd', 'Medicare', 34, '1.0181629763897937', '1349.0659437164766'),
(28, 103, 15, 'physical_therapy', 'Massage', 'PT_as', 'Medicaid', 48, '1.030454533953517', '1365.35225748841'),
(29, 32, 30, 'physical_therapy', 'Exercise', 'PT_as', 'Medicare', 67, '1.0618365465453596', '1406.9334241726015'),
(30, 189, 75, 'occupational_therapy', 'OT_B', 'OT_pd', 'No Insurance/Self-pay', 120, '1.022755034164446', '1355.150420267891'),
(31, 60, 60, 'physical_therapy', 'Exercise', 'PT_as', 'No Insurance/Self-pay', 120, '1.1274968515793757', '1493.933328342673'),
(32, 66, 45, 'physical_therapy', 'Acupuncture', 'PT_uo', 'No Insurance/Self-pay', 150, '1.0941742837052104', '1449.7809259094038'),
(33, 47, 30, 'occupational_therapy', 'OT_A', 'OT_1b', 'No Insurance/Self-pay', 120, '1.0090406217738679', '1336.978823850375'),
(34, 40, 45, 'physical_therapy', 'Acupuncture', 'PT_as', 'No Insurance/Self-pay', 120, '1.0941742837052104', '1449.7809259094038'),
(35, 114, 75, 'occupational_therapy', 'OT_B', 'OT_pd', 'Medicaid', 41, '1.022755034164446', '1355.150420267891'),
(36, 100, 60, 'physical_therapy', 'Acupuncture', 'PT_as', 'No Insurance/Self-pay', 150, '1.1274968515793757', '1493.933328342673'),
(37, 145, 45, 'occupational_therapy', 'OT_A', 'OT_1b', 'Medicare', 67, '1.013591536450206', '1343.008785796523'),
(38, 188, 100, 'occupational_therapy', 'OT_B', 'OT_gr', 'Private', 41, '1.030454533953517', '1365.35225748841'),
(39, 61, 75, 'occupational_therapy', 'OT_A', 'OT_pd', 'Private', 60, '1.022755034164446', '1355.150420267891'),
(40, 26, 15, 'occupational_therapy', 'OT_A', 'OT_gr', 'No Insurance/Self-pay', 75, '1.0045101402046013', '1330.9759357710966'),
(41, 15, 100, 'physical_therapy', 'Exercise', 'PT_as', 'Other', 33, '1.2214027581601699', '1618.358654562225'),
(42, 19, 45, 'physical_therapy', 'Massage', 'PT_as', 'Medicare', 51, '1.0941742837052104', '1449.7809259094038'),
(43, 195, 100, 'occupational_therapy', 'OT_B', 'OT_js', 'Medicare', 58, '1.030454533953517', '1365.35225748841'),
(44, 88, 45, 'physical_therapy', 'Acupuncture', 'PT_ew', 'No Insurance/Self-pay', 75, '1.0941742837052104', '1449.7809259094038'),
(45, 13, 45, 'occupational_therapy', 'OT_A', 'OT_js', 'No Insurance/Self-pay', 120, '1.013591536450206', '1343.008785796523'),
(46, 31, 45, 'occupational_therapy', 'OT_A', 'OT_1b', 'Medicaid', 43, '1.013591536450206', '1343.008785796523'),
(47, 110, 45, 'physical_therapy', 'Acupuncture', 'PT_uo', 'Medicare', 66, '1.0941742837052104', '1449.7809259094038'),
(48, 38, 45, 'physical_therapy', 'Acupuncture', 'PT_uo', 'No Insurance/Self-pay', 150, '1.0941742837052104', '1449.7809259094038'),
(49, 74, 75, 'occupational_therapy', 'OT_B', 'OT_1b', 'Other', 31, '1.022755034164446', '1355.150420267891'),
(50, 160, 30, 'occupational_therapy', 'OT_B', 'OT_gr', 'Private', 43, '1.0090406217738679', '1336.978823850375'),
(51, 39, 75, 'physical_therapy', 'Exercise', 'PT_tb', 'Private', 61, '1.161834242728283', '1539.430371614975'),
(52, 191, 100, 'physical_therapy', 'Massage', 'PT_as', 'Medicaid', 26, '1.2214027581601699', '1618.358654562225'),
(53, 96, 100, 'occupational_therapy', 'OT_A', 'OT_gr', 'No Insurance/Self-pay', 150, '1.030454533953517', '1365.35225748841'),
(54, 3, 30, 'physical_therapy', 'Exercise', 'PT_ew', 'Other', 44, '1.0618365465453596', '1406.9334241726015'),
(55, 165, 60, 'occupational_therapy', 'OT_A', 'OT_js', 'Other', 67, '1.0181629763897937', '1349.0659437164766'),
(56, 112, 75, 'occupational_therapy', 'OT_A', 'OT_js', 'Medicaid', 52, '1.022755034164446', '1355.150420267891'),
(57, 137, 30, 'physical_therapy', 'Acupuncture', 'PT_uo', 'No Insurance/Self-pay', 150, '1.0618365465453596', '1406.9334241726015'),
(58, 70, 100, 'physical_therapy', 'Acupuncture', 'PT_ew', 'Medicaid', 55, '1.2214027581601699', '1618.358654562225'),
(59, 180, 100, 'occupational_therapy', 'OT_B', 'OT_gr', 'No Insurance/Self-pay', 75, '1.030454533953517', '1365.35225748841'),
(60, 52, 60, 'occupational_therapy', 'OT_B', 'OT_1b', 'Medicare', 56, '1.0181629763897937', '1349.0659437164766'),
(61, 192, 30, 'occupational_therapy', 'OT_A', 'OT_js', 'Medicare', 43, '1.0090406217738679', '1336.978823850375'),
(62, 99, 30, 'physical_therapy', 'Acupuncture', 'PT_as', 'No Insurance/Self-pay', 150, '1.0618365465453596', '1406.9334241726015'),
(63, 133, 60, 'physical_therapy', 'Massage', 'PT_tb', 'No Insurance/Self-pay', 150, '1.1274968515793757', '1493.933328342673'),
(64, 21, 100, 'physical_therapy', 'Massage', 'PT_tb', 'Other', 41, '1.2214027581601699', '1618.358654562225'),
(65, 178, 45, 'physical_therapy', 'Exercise', 'PT_uo', 'Medicare', 36, '1.0941742837052104', '1449.7809259094038'),
(66, 37, 75, 'physical_therapy', 'Exercise', 'PT_as', 'No Insurance/Self-pay', 150, '1.161834242728283', '1539.430371614975'),
(67, 182, 45, 'occupational_therapy', 'OT_B', 'OT_pd', 'Other', 30, '1.013591536450206', '1343.008785796523'),
(68, 72, 30, 'physical_therapy', 'Exercise', 'PT_ew', 'Other', 38, '1.0618365465453596', '1406.9334241726015'),
(69, 78, 60, 'physical_therapy', 'Exercise', 'PT_tb', 'No Insurance/Self-pay', 150, '1.1274968515793757', '1493.933328342673'),
(70, 75, 100, 'occupational_therapy', 'OT_A', 'OT_1b', 'No Insurance/Self-pay', 150, '1.030454533953517', '1365.35225748841'),
(71, 53, 60, 'physical_therapy', 'Massage', 'PT_uo', 'No Insurance/Self-pay', 75, '1.1274968515793757', '1493.933328342673'),
(72, 152, 60, 'physical_therapy', 'Massage', 'PT_tb', 'No Insurance/Self-pay', 120, '1.1274968515793757', '1493.933328342673'),
(73, 149, 15, 'physical_therapy', 'Massage', 'PT_tb', 'No Insurance/Self-pay', 75, '1.030454533953517', '1365.35225748841'),
(74, 122, 75, 'occupational_therapy', 'OT_A', 'OT_1b', 'Medicaid', 49, '1.022755034164446', '1355.150420267891'),
(75, 151, 75, 'physical_therapy', 'Acupuncture', 'PT_tb', 'No Insurance/Self-pay', 150, '1.161834242728283', '1539.430371614975'),
(76, 36, 60, 'occupational_therapy', 'OT_A', 'OT_pd', 'Medicaid', 44, '1.0181629763897937', '1349.0659437164766'),
(77, 10, 75, 'occupational_therapy', 'OT_B', 'OT_pd', 'No Insurance/Self-pay', 75, '1.022755034164446', '1355.150420267891'),
(78, 51, 15, 'occupational_therapy', 'OT_A', 'OT_1b', 'Private', 39, '1.0045101402046013', '1330.9759357710966'),
(79, 125, 45, 'physical_therapy', 'Exercise', 'PT_tb', 'Other', 51, '1.0941742837052104', '1449.7809259094038'),
(80, 11, 45, 'occupational_therapy', 'OT_A', 'OT_js', 'No Insurance/Self-pay', 120, '1.013591536450206', '1343.008785796523'),
(81, 159, 75, 'physical_therapy', 'Acupuncture', 'PT_tb', 'Medicare', 68, '1.161834242728283', '1539.430371614975'),
(82, 18, 30, 'occupational_therapy', 'OT_A', 'OT_pd', 'Medicare', 69, '1.0090406217738679', '1336.978823850375'),
(83, 55, 15, 'occupational_therapy', 'OT_A', 'OT_pd', 'No Insurance/Self-pay', 120, '1.0045101402046013', '1330.9759357710966'),
(84, 124, 15, 'occupational_therapy', 'OT_A', 'OT_js', 'No Insurance/Self-pay', 75, '1.0045101402046013', '1330.9759357710966'),
(85, 139, 45, 'occupational_therapy', 'OT_A', 'OT_1b', 'Other', 40, '1.013591536450206', '1343.008785796523'),
(86, 27, 30, 'physical_therapy', 'Massage', 'PT_ew', 'No Insurance/Self-pay', 75, '1.0618365465453596', '1406.9334241726015'),
(87, 59, 15, 'physical_therapy', 'Exercise', 'PT_uo', 'No Insurance/Self-pay', 150, '1.030454533953517', '1365.35225748841'),
(88, 24, 15, 'physical_therapy', 'Exercise', 'PT_ew', 'Medicare', 55, '1.030454533953517', '1365.35225748841'),
(89, 138, 60, 'physical_therapy', 'Exercise', 'PT_as', 'No Insurance/Self-pay', 75, '1.1274968515793757', '1493.933328342673'),
(90, 42, 15, 'occupational_therapy', 'OT_A', 'OT_1b', 'Medicaid', 46, '1.0045101402046013', '1330.9759357710966'),
(91, 147, 60, 'physical_therapy', 'Massage', 'PT_tb', 'No Insurance/Self-pay', 150, '1.1274968515793757', '1493.933328342673'),
(92, 23, 100, 'physical_therapy', 'Exercise', 'PT_tb', 'Medicare', 54, '1.2214027581601699', '1618.358654562225'),
(93, 177, 75, 'physical_therapy', 'Massage', 'PT_ew', 'Medicaid', 30, '1.161834242728283', '1539.430371614975'),
(94, 175, 15, 'occupational_therapy', 'OT_B', 'OT_js', 'Medicare', 44, '1.0045101402046013', '1330.9759357710966'),
(95, 80, 15, 'physical_therapy', 'Acupuncture', 'PT_uo', 'No Insurance/Self-pay', 150, '1.030454533953517', '1365.35225748841'),
(96, 181, 60, 'physical_therapy', 'Exercise', 'PT_ew', 'No Insurance/Self-pay', 75, '1.1274968515793757', '1493.933328342673'),
(97, 168, 15, 'physical_therapy', 'Exercise', 'PT_uo', 'No Insurance/Self-pay', 75, '1.030454533953517', '1365.35225748841'),
(98, 76, 60, 'physical_therapy', 'Acupuncture', 'PT_tb', 'No Insurance/Self-pay', 120, '1.1274968515793757', '1493.933328342673'),
(99, 115, 100, 'occupational_therapy', 'OT_B', 'OT_1b', 'Medicaid', 44, '1.030454533953517', '1365.35225748841'),
(100, 84, 100, 'occupational_therapy', 'OT_B', 'OT_gr', 'No Insurance/Self-pay', 75, '1.030454533953517', '1365.35225748841'),
(101, 20, 100, 'physical_therapy', 'Massage', 'PT_ew', 'No Insurance/Self-pay', 120, '1.2214027581601699', '1618.358654562225'),
(102, 154, 45, 'physical_therapy', 'Exercise', 'PT_tb', 'No Insurance/Self-pay', 150, '1.0941742837052104', '1449.7809259094038'),
(103, 169, 100, 'occupational_therapy', 'OT_A', 'OT_js', 'Medicaid', 36, '1.030454533953517', '1365.35225748841'),
(104, 50, 15, 'physical_therapy', 'Acupuncture', 'PT_ew', 'Medicare', 27, '1.030454533953517', '1365.35225748841'),
(105, 106, 45, 'occupational_therapy', 'OT_A', 'OT_1b', 'No Insurance/Self-pay', 75, '1.013591536450206', '1343.008785796523'),
(106, 164, 15, 'occupational_therapy', 'OT_B', 'OT_1b', 'No Insurance/Self-pay', 120, '1.0045101402046013', '1330.9759357710966'),
(107, 35, 60, 'occupational_therapy', 'OT_B', 'OT_1b', 'No Insurance/Self-pay', 120, '1.0181629763897937', '1349.0659437164766'),
(108, 190, 30, 'physical_therapy', 'Exercise', 'PT_ew', 'No Insurance/Self-pay', 120, '1.0618365465453596', '1406.9334241726015'),
(109, 104, 45, 'physical_therapy', 'Massage', 'PT_as', 'Medicaid', 51, '1.0941742837052104', '1449.7809259094038'),
(110, 187, 45, 'physical_therapy', 'Massage', 'PT_uo', 'No Insurance/Self-pay', 120, '1.0941742837052104', '1449.7809259094038'),
(111, 126, 100, 'occupational_therapy', 'OT_A', 'OT_js', 'No Insurance/Self-pay', 75, '1.030454533953517', '1365.35225748841'),
(112, 144, 30, 'physical_therapy', 'Exercise', 'PT_tb', 'Medicaid', 40, '1.0618365465453596', '1406.9334241726015'),
(113, 179, 60, 'occupational_therapy', 'OT_A', 'OT_pd', 'Other', 31, '1.0181629763897937', '1349.0659437164766'),
(114, 111, 45, 'physical_therapy', 'Acupuncture', 'PT_as', 'No Insurance/Self-pay', 150, '1.0941742837052104', '1449.7809259094038'),
(115, 8, 45, 'physical_therapy', 'Acupuncture', 'PT_ew', 'Private', 26, '1.0941742837052104', '1449.7809259094038'),
(116, 4, 15, 'occupational_therapy', 'OT_B', 'OT_js', 'Private', 60, '1.0045101402046013', '1330.9759357710966'),
(117, 158, 45, 'physical_therapy', 'Exercise', 'PT_as', 'Medicaid', 33, '1.0941742837052104', '1449.7809259094038'),
(118, 73, 45, 'physical_therapy', 'Exercise', 'PT_as', 'No Insurance/Self-pay', 75, '1.0941742837052104', '1449.7809259094038'),
(119, 135, 30, 'occupational_therapy', 'OT_B', 'OT_pd', 'No Insurance/Self-pay', 75, '1.0090406217738679', '1336.978823850375'),
(120, 170, 60, 'physical_therapy', 'Massage', 'PT_uo', 'No Insurance/Self-pay', 120, '1.1274968515793757', '1493.933328342673'),
(121, 17, 75, 'physical_therapy', 'Acupuncture', 'PT_tb', 'No Insurance/Self-pay', 120, '1.161834242728283', '1539.430371614975'),
(122, 146, 75, 'physical_therapy', 'Massage', 'PT_as', 'No Insurance/Self-pay', 150, '1.161834242728283', '1539.430371614975'),
(123, 79, 100, 'physical_therapy', 'Massage', 'PT_tb', 'Private', 29, '1.2214027581601699', '1618.358654562225'),
(124, 119, 75, 'occupational_therapy', 'OT_B', 'OT_gr', 'No Insurance/Self-pay', 75, '1.022755034164446', '1355.150420267891'),
(125, 109, 45, 'occupational_therapy', 'OT_B', 'OT_js', 'No Insurance/Self-pay', 150, '1.013591536450206', '1343.008785796523'),
(126, 64, 100, 'occupational_therapy', 'OT_B', 'OT_js', 'No Insurance/Self-pay', 120, '1.030454533953517', '1365.35225748841'),
(127, 128, 60, 'physical_therapy', 'Massage', 'PT_as', 'Other', 26, '1.1274968515793757', '1493.933328342673'),
(128, 142, 75, 'physical_therapy', 'Massage', 'PT_tb', 'Medicaid', 29, '1.161834242728283', '1539.430371614975'),
(129, 49, 45, 'physical_therapy', 'Acupuncture', 'PT_ew', 'No Insurance/Self-pay', 120, '1.0941742837052104', '1449.7809259094038'),
(130, 130, 60, 'occupational_therapy', 'OT_B', 'OT_gr', 'Other', 52, '1.0181629763897937', '1349.0659437164766'),
(131, 141, 60, 'occupational_therapy', 'OT_B', 'OT_gr', 'No Insurance/Self-pay', 150, '1.0181629763897937', '1349.0659437164766'),
(132, 166, 60, 'physical_therapy', 'Exercise', 'PT_ew', 'No Insurance/Self-pay', 120, '1.1274968515793757', '1493.933328342673'),
(133, 184, 15, 'physical_therapy', 'Exercise', 'PT_ew', 'No Insurance/Self-pay', 120, '1.030454533953517', '1365.35225748841'),
(134, 157, 75, 'physical_therapy', 'Acupuncture', 'PT_ew', 'No Insurance/Self-pay', 75, '1.161834242728283', '1539.430371614975'),
(135, 97, 30, 'physical_therapy', 'Exercise', 'PT_uo', 'No Insurance/Self-pay', 120, '1.0618365465453596', '1406.9334241726015'),
(136, 129, 75, 'occupational_therapy', 'OT_B', 'OT_pd', 'No Insurance/Self-pay', 150, '1.022755034164446', '1355.150420267891'),
(137, 85, 15, 'occupational_therapy', 'OT_B', 'OT_1b', 'Private', 32, '1.0045101402046013', '1330.9759357710966'),
(138, 43, 60, 'occupational_therapy', 'OT_A', 'OT_js', 'Private', 32, '1.0181629763897937', '1349.0659437164766'),
(139, 196, 15, 'occupational_therapy', 'OT_A', 'OT_js', 'No Insurance/Self-pay', 75, '1.0045101402046013', '1330.9759357710966'),
(140, 22, 15, 'occupational_therapy', 'OT_A', 'OT_pd', 'No Insurance/Self-pay', 120, '1.0045101402046013', '1330.9759357710966'),
(141, 193, 45, 'physical_therapy', 'Acupuncture', 'PT_as', 'No Insurance/Self-pay', 150, '1.0941742837052104', '1449.7809259094038'),
(142, 90, 15, 'occupational_therapy', 'OT_A', 'OT_gr', 'No Insurance/Self-pay', 75, '1.0045101402046013', '1330.9759357710966'),
(143, 155, 30, 'physical_therapy', 'Exercise', 'PT_as', 'No Insurance/Self-pay', 150, '1.0618365465453596', '1406.9334241726015'),
(144, 57, 75, 'occupational_therapy', 'OT_B', 'OT_gr', 'No Insurance/Self-pay', 120, '1.022755034164446', '1355.150420267891'),
(145, 12, 100, 'occupational_therapy', 'OT_B', 'OT_pd', 'No Insurance/Self-pay', 75, '1.030454533953517', '1365.35225748841'),
(146, 5, 15, 'occupational_therapy', 'OT_A', 'OT_1b', 'No Insurance/Self-pay', 120, '1.0045101402046013', '1330.9759357710966'),
(147, 127, 15, 'physical_therapy', 'Massage', 'PT_uo', 'No Insurance/Self-pay', 150, '1.030454533953517', '1365.35225748841'),
(148, 65, 60, 'physical_therapy', 'Massage', 'PT_uo', 'No Insurance/Self-pay', 150, '1.1274968515793757', '1493.933328342673'),
(149, 105, 45, 'occupational_therapy', 'OT_A', 'OT_js', 'No Insurance/Self-pay', 75, '1.013591536450206', '1343.008785796523'),
(150, 173, 15, 'physical_therapy', 'Massage', 'PT_as', 'No Insurance/Self-pay', 75, '1.030454533953517', '1365.35225748841'),
(151, 108, 45, 'physical_therapy', 'Acupuncture', 'PT_tb', 'Private', 29, '1.0941742837052104', '1449.7809259094038'),
(152, 56, 75, 'occupational_therapy', 'OT_A', 'OT_js', 'No Insurance/Self-pay', 75, '1.022755034164446', '1355.150420267891'),
(153, 132, 45, 'occupational_therapy', 'OT_A', 'OT_gr', 'No Insurance/Self-pay', 120, '1.013591536450206', '1343.008785796523'),
(154, 95, 45, 'physical_therapy', 'Massage', 'PT_tb', 'Private', 27, '1.0941742837052104', '1449.7809259094038'),
(155, 171, 100, 'occupational_therapy', 'OT_A', 'OT_1b', 'No Insurance/Self-pay', 120, '1.030454533953517', '1365.35225748841'),
(156, 44, 45, 'physical_therapy', 'Exercise', 'PT_uo', 'No Insurance/Self-pay', 75, '1.0941742837052104', '1449.7809259094038'),
(157, 54, 75, 'physical_therapy', 'Acupuncture', 'PT_ew', 'No Insurance/Self-pay', 120, '1.161834242728283', '1539.430371614975'),
(158, 48, 60, 'occupational_therapy', 'OT_A', 'OT_1b', 'Private', 69, '1.0181629763897937', '1349.0659437164766'),
(159, 117, 75, 'physical_therapy', 'Massage', 'PT_tb', 'No Insurance/Self-pay', 120, '1.161834242728283', '1539.430371614975'),
(160, 123, 30, 'occupational_therapy', 'OT_B', 'OT_gr', 'No Insurance/Self-pay', 75, '1.0090406217738679', '1336.978823850375'),
(161, 136, 45, 'occupational_therapy', 'OT_B', 'OT_js', 'No Insurance/Self-pay', 150, '1.013591536450206', '1343.008785796523'),
(162, 7, 45, 'physical_therapy', 'Exercise', 'PT_as', 'No Insurance/Self-pay', 75, '1.0941742837052104', '1449.7809259094038'),
(163, 34, 75, 'physical_therapy', 'Acupuncture', 'PT_tb', 'No Insurance/Self-pay', 75, '1.161834242728283', '1539.430371614975'),
(164, 120, 15, 'physical_therapy', 'Exercise', 'PT_ew', 'No Insurance/Self-pay', 150, '1.030454533953517', '1365.35225748841'),
(165, 183, 100, 'physical_therapy', 'Massage', 'PT_tb', 'No Insurance/Self-pay', 150, '1.2214027581601699', '1618.358654562225'),
(166, 29, 30, 'physical_therapy', 'Massage', 'PT_ew', 'No Insurance/Self-pay', 120, '1.0618365465453596', '1406.9334241726015'),
(167, 82, 60, 'physical_therapy', 'Acupuncture', 'PT_tb', 'No Insurance/Self-pay', 150, '1.1274968515793757', '1493.933328342673'),
(168, 92, 60, 'physical_therapy', 'Massage', 'PT_tb', 'No Insurance/Self-pay', 120, '1.1274968515793757', '1493.933328342673'),
(169, 153, 100, 'occupational_therapy', 'OT_B', 'OT_pd', 'No Insurance/Self-pay', 150, '1.030454533953517', '1365.35225748841'),
(170, 163, 100, 'physical_therapy', 'Massage', 'PT_ew', 'Private', 30, '1.2214027581601699', '1618.358654562225'),
(171, 25, 15, 'physical_therapy', 'Exercise', 'PT_uo', 'Medicaid', 33, '1.030454533953517', '1365.35225748841'),
(172, 71, 60, 'occupational_therapy', 'OT_A', 'OT_1b', 'Private', 62, '1.0181629763897937', '1349.0659437164766'),
(173, 6, 15, 'occupational_therapy', 'OT_A', 'OT_js', 'No Insurance/Self-pay', 150, '1.0045101402046013', '1330.9759357710966'),
(174, 186, 60, 'physical_therapy', 'Acupuncture', 'PT_tb', 'Medicaid', 42, '1.1274968515793757', '1493.933328342673'),
(175, 98, 30, 'physical_therapy', 'Massage', 'PT_tb', 'Private', 43, '1.0618365465453596', '1406.9334241726015'),
(176, 83, 15, 'physical_therapy', 'Acupuncture', 'PT_tb', 'No Insurance/Self-pay', 75, '1.030454533953517', '1365.35225748841'),
(177, 116, 45, 'physical_therapy', 'Exercise', 'PT_ew', 'No Insurance/Self-pay', 120, '1.0941742837052104', '1449.7809259094038'),
(178, 101, 15, 'occupational_therapy', 'OT_B', 'OT_1b', 'Private', 67, '1.0045101402046013', '1330.9759357710966'),
(179, 94, 60, 'occupational_therapy', 'OT_B', 'OT_gr', 'Other', 31, '1.0181629763897937', '1349.0659437164766'),
(180, 140, 15, 'physical_therapy', 'Massage', 'PT_uo', 'Private', 69, '1.030454533953517', '1365.35225748841'),
(181, 121, 30, 'occupational_therapy', 'OT_B', 'OT_pd', 'No Insurance/Self-pay', 150, '1.0090406217738679', '1336.978823850375'),
(182, 143, 15, 'physical_therapy', 'Massage', 'PT_ew', 'No Insurance/Self-pay', 120, '1.030454533953517', '1365.35225748841'),
(183, 148, 45, 'occupational_therapy', 'OT_B', 'OT_pd', 'No Insurance/Self-pay', 120, '1.013591536450206', '1343.008785796523'),
(184, 93, 60, 'occupational_therapy', 'OT_B', 'OT_pd', 'Medicaid', 55, '1.0181629763897937', '1349.0659437164766'),
(185, 185, 15, 'occupational_therapy', 'OT_A', 'OT_1b', 'No Insurance/Self-pay', 150, '1.0045101402046013', '1330.9759357710966'),
(186, 9, 45, 'physical_therapy', 'Exercise', 'PT_uo', 'No Insurance/Self-pay', 120, '1.0941742837052104', '1449.7809259094038'),
(187, 1, 75, 'physical_therapy', 'Massage', 'PT_uo', 'No Insurance/Self-pay', 150, '1.161834242728283', '1539.430371614975'),
(188, 77, 45, 'occupational_therapy', 'OT_B', 'OT_js', 'Medicaid', 39, '1.013591536450206', '1343.008785796523'),
(189, 45, 15, 'occupational_therapy', 'OT_A', 'OT_gr', 'Medicaid', 42, '1.0045101402046013', '1330.9759357710966'),
(190, 33, 60, 'occupational_therapy', 'OT_B', 'OT_1b', 'No Insurance/Self-pay', 120, '1.0181629763897937', '1349.0659437164766'),
(191, 14, 60, 'occupational_therapy', 'OT_B', 'OT_1b', 'Medicare', 65, '1.0181629763897937', '1349.0659437164766'),
(192, 28, 45, 'occupational_therapy', 'OT_A', 'OT_js', 'Medicaid', 34, '1.013591536450206', '1343.008785796523'),
(193, 134, 75, 'occupational_therapy', 'OT_A', 'OT_1b', 'Medicare', 46, '1.022755034164446', '1355.150420267891'),
(194, 63, 100, 'physical_therapy', 'Massage', 'PT_tb', 'Private', 28, '1.2214027581601699', '1618.358654562225'),
(195, 174, 60, 'occupational_therapy', 'OT_A', 'OT_1b', 'No Insurance/Self-pay', 150, '1.0181629763897937', '1349.0659437164766'),
(196, 68, 45, 'occupational_therapy', 'OT_B', 'OT_pd', 'Medicaid', 57, '1.013591536450206', '1343.008785796523'),
(197, 16, 45, 'occupational_therapy', 'OT_B', 'PT_tb', 'Medicare', 57, '1.013591536450206', '1343.008785796523');

-- --------------------------------------------------------

--
-- Table structure for table `specialist_table`
--

CREATE TABLE `specialist_table` (
  `specialist_id` varchar(255) NOT NULL DEFAULT '',
  `procedure_performed` varchar(255) DEFAULT NULL,
  `name` varchar(255) DEFAULT NULL,
  `surname` varchar(255) DEFAULT NULL,
  `phone_number` varchar(255) DEFAULT NULL,
  `medical_center` varchar(255) NOT NULL
) ENGINE=InnoDB DEFAULT CHARSET=latin1;

--
-- Dumping data for table `specialist_table`
--

INSERT INTO `specialist_table` (`specialist_id`, `procedure_performed`, `name`, `surname`, `phone_number`, `medical_center`) VALUES
('OT_1b', 'occupational_therapy', 'Evelyn', 'Brinkly', '937-688-5895', 'American Occupational Therapy'),
('OT_gr', 'occupational_therapy', 'Jeremiah', 'Hinish', '491-602-2999', 'American Occupational Therapy'),
('OT_js', 'occupational_therapy', 'Amy', 'Sands', '271-461-0105', 'Just for Me OT'),
('OT_pd', 'occupational_therapy', 'John', 'Mazzone', '712-121-7455', 'Just for Me OT'),
('PT_as', 'physical_therapy', 'Allen', 'Tartaglione', '474-159-5355', 'ProFlex Physical Therapy'),
('PT_ew', 'physical_therapy', 'Fredic', 'Tillman', '937-688-5895', 'RockvillePT'),
('PT_tb', 'physical_therapy', 'Ophelia', 'White', '871-124-1125', 'Active Physical Therapy - Baltimore'),
('PT_uo', 'physical_therapy', 'James', 'Ricks', '553-755-6449', 'ProFlex Physical Therapy');

-- --------------------------------------------------------

--
-- Table structure for table `statistics_table`
--

CREATE TABLE `statistics_table` (
  `id` int(11) DEFAULT NULL,
  `patient_id` int(255) DEFAULT NULL,
  `moi` varchar(255) DEFAULT NULL,
  `fracture_level` set('(T1-T9)','(T10-L2)','(L3-L5)','') DEFAULT NULL,
  `morphology` set('Fracture-Dislocation','Flexion-Distraction','Burst/Compression','Extension-Distraction','Combination >1') DEFAULT NULL,
  `surgical_technique` set('Open','Percutaneous/MIS','','') DEFAULT NULL,
  `surgical_approach` enum('Posterior','Anterior','Combined','') DEFAULT NULL,
  `surgery_length` int(11) DEFAULT NULL,
  `est_blood_loss` int(11) DEFAULT NULL,
  `readmission` tinyint(1) DEFAULT NULL,
  `reoperation` tinyint(1) DEFAULT NULL,
  `levels_fused` varchar(255) DEFAULT NULL
) ENGINE=MyISAM DEFAULT CHARSET=utf8;

--
-- Dumping data for table `statistics_table`
--

INSERT INTO `statistics_table` (`id`, `patient_id`, `moi`, `fracture_level`, `morphology`, `surgical_technique`, `surgical_approach`, `surgery_length`, `est_blood_loss`, `readmission`, `reoperation`, `levels_fused`) VALUES
(133, 184, 'FFSH', '(T10-L2)', 'Burst/Compression', 'Open', 'Anterior', 362, 750, 0, 0, NULL),
(2, 172, 'MVC', '(T1-T9)', 'Fracture-Dislocation', 'Open', 'Posterior', 188, 400, 0, 0, '4'),
(3, 162, 'FFH', '(T1-T9)', 'Flexion-Distraction', 'Open', 'Posterior', 226, 750, 0, 0, '7'),
(4, 176, 'MCC', '(T1-T9)', 'Burst/Compression', 'Percutaneous/MIS', 'Posterior', 173, 350, 0, 0, '4'),
(5, 150, 'FFH', '(T10-L2)', 'Burst/Compression', 'Percutaneous/MIS', 'Posterior', 53, 100, 0, 0, '2'),
(6, 46, 'FFH', '(T1-T9)', 'Burst/Compression', 'Open', 'Posterior', 72, 200, 0, 0, '3'),
(7, 161, 'FFH', '(T10-L2)', 'Flexion-Distraction', 'Open', 'Posterior', 121, 450, 0, 0, '4'),
(8, 102, 'FFH', '(T1-T9)', 'Combination >1', 'Percutaneous/MIS', 'Posterior', 74, 500, 0, 0, '4'),
(9, 86, 'MVC', '(T1-T9)', 'Flexion-Distraction', 'Open', 'Posterior', 154, 200, 0, 0, '4'),
(10, 58, 'FFH', '(T10-L2)', 'Burst/Compression', 'Open', 'Posterior', 142, 450, 0, 0, '4'),
(11, 131, 'MVC', '(T10-L2)', 'Flexion-Distraction', 'Percutaneous/MIS', 'Posterior', 96, 100, 0, 0, '2'),
(12, 67, 'MVC', '(T10-L2)', 'Flexion-Distraction', 'Percutaneous/MIS', 'Posterior', 94, 250, 0, 0, '2'),
(13, 41, 'MVC', '(T10-L2)', 'Flexion-Distraction', 'Percutaneous/MIS', 'Posterior', 107, 100, 0, 0, '3'),
(14, 91, 'FFH', '(T10-L2)', 'Combination >1', 'Open', 'Posterior', 149, 200, 0, 0, '4'),
(15, 156, 'MVC', '(T10-L2)', 'Burst/Compression', 'Open', 'Anterior', 203, 2100, 0, 0, '2'),
(16, 62, 'MVC', '(T10-L2)', 'Flexion-Distraction', 'Open', 'Posterior', 150, 300, 0, 0, '4'),
(17, 167, 'MVC', '(L3-L5)', 'Burst/Compression', 'Open', 'Posterior', 134, 620, 0, 0, '2'),
(18, 69, 'FFH', '(L3-L5)', 'Burst/Compression', 'Open', 'Posterior', 182, 1000, 0, 0, '2'),
(19, 30, 'FFH', '(T1-T9)', 'Combination >1', 'Open', 'Posterior', 64, 150, 0, 0, '4'),
(20, 118, 'MVC', '(T10-L2)', 'Flexion-Distraction', 'Percutaneous/MIS', 'Posterior', 0, 0, 0, 0, '2'),
(21, 89, 'FFH', '(T10-L2)', 'Burst/Compression', 'Open', 'Posterior', 89, 440, 0, 0, '2'),
(22, 87, 'MVC', '(T10-L2)', 'Combination >1', 'Open', 'Posterior', 165, 500, 0, 0, '4'),
(23, 2, 'MVC', '(T10-L2)', 'Extension-Distraction', 'Open', 'Posterior', 148, 750, 0, 0, '7'),
(24, 113, 'FFH', '(T10-L2)', 'Burst/Compression', 'Percutaneous/MIS', 'Posterior', 109, 150, 0, 0, '5'),
(25, 194, 'FFH', '(T10-L2)', 'Burst/Compression', 'Percutaneous/MIS', 'Posterior', 0, 200, 0, 0, '5'),
(26, 81, 'MVC', '(T1-T9)', 'Fracture-Dislocation', 'Open', 'Posterior', 136, 300, 0, 0, '5'),
(27, 107, 'MVC', '(T1-T9)', 'Extension-Distraction', 'Percutaneous/MIS', 'Posterior', 211, 500, 0, 0, '4'),
(28, 103, 'MVC', '(T10-L2)', 'Burst/Compression', 'Open', 'Posterior', 71, 0, 0, 0, '3'),
(29, 32, 'MCC', '(T10-L2)', 'Burst/Compression', 'Open', 'Posterior', 115, 50, 0, 0, '3'),
(30, 189, 'FFSH', '(T1-T9)', 'Combination >1', 'Open', 'Posterior', 136, 400, 0, 0, '6'),
(31, 60, 'MCC', '(T1-T9)', 'Burst/Compression', 'Open', 'Posterior', 359, 1000, 0, 0, '7'),
(32, 66, 'MVC', '(T1-T9)', 'Burst/Compression', 'Percutaneous/MIS', 'Posterior', 77, 300, 0, 0, '5'),
(33, 47, 'MVC', '(T10-L2)', 'Fracture-Dislocation', 'Open', 'Posterior', 135, 300, 0, 0, '3'),
(34, 40, 'FFSH', '(T10-L2)', 'Extension-Distraction', 'Percutaneous/MIS', 'Posterior', 112, 200, 0, 0, '3'),
(35, 114, 'FFH', '(L3-L5)', 'Burst/Compression', 'Percutaneous/MIS', 'Posterior', 101, 100, 0, 0, '2'),
(36, 100, 'FFH', '(T10-L2)', 'Burst/Compression', 'Percutaneous/MIS', 'Posterior', 88, 0, 0, 0, '3'),
(37, 145, 'FFH', '(T10-L2)', 'Burst/Compression', 'Percutaneous/MIS', 'Posterior', 116, 150, 0, 0, '2'),
(38, 188, 'MVC', '(T10-L2)', 'Fracture-Dislocation', 'Percutaneous/MIS', 'Posterior', 129, 600, 0, 0, '2'),
(39, 61, 'FFH', '(T1-T9)', 'Combination >1', 'Open', 'Posterior', 380, 1400, 0, 0, '7'),
(40, 26, 'FFH', '(T1-T9)', 'Extension-Distraction', 'Percutaneous/MIS', 'Posterior', 95, 200, 0, 0, '3'),
(41, 15, 'FFH', '(T10-L2)', 'Combination >1', 'Open', 'Posterior', 201, 400, 0, 0, '4'),
(42, 19, 'FFH', '(T1-T9)', 'Flexion-Distraction', 'Percutaneous/MIS', 'Posterior', 71, 200, 0, 0, '4'),
(43, 195, 'FFH', '(T10-L2)', 'Burst/Compression', 'Percutaneous/MIS', 'Posterior', 180, 300, 0, 0, '4'),
(44, 88, 'MCC', '(T1-T9)', 'Burst/Compression', 'Open', 'Posterior', 133, 400, 0, 0, '5'),
(45, 13, 'MVC', '(L3-L5)', 'Burst/Compression', 'Percutaneous/MIS', 'Posterior', 130, 200, 1, 0, '2'),
(46, 31, 'Other', '(T1-T9)', 'Flexion-Distraction', 'Open', 'Posterior', 192, 1200, 0, 0, '4'),
(47, 110, 'FFH', '(T10-L2)', 'Burst/Compression', 'Open', 'Combined', 365, 1700, 0, 0, '6'),
(48, 38, 'FFH', '(T1-T9)', 'Fracture-Dislocation', 'Open', 'Posterior', 164, 800, 0, 0, '5'),
(49, 74, 'FFH', '(T10-L2)', 'Burst/Compression', 'Open', 'Posterior', 77, 300, 0, 0, '4'),
(50, 160, 'FFSH', '(T10-L2)', 'Flexion-Distraction', 'Percutaneous/MIS', 'Posterior', 104, 200, 0, 0, '4'),
(51, 39, 'Fall Stairs', '(T10-L2)', 'Burst/Compression', 'Open', 'Posterior', 173, 1200, 0, 0, '6'),
(52, 191, 'Other', '(T10-L2)', 'Burst/Compression', 'Open', 'Posterior', 63, 1100, 0, 0, '4'),
(53, 96, 'FFSH', '(T1-T9)', 'Flexion-Distraction', 'Open', 'Posterior', 225, 1450, 0, 0, '8'),
(54, 3, 'MCC', '(L3-L5)', 'Burst/Compression', 'Open', 'Posterior', 229, 600, 0, 0, '5'),
(55, 165, 'MVC', '(T10-L2)', 'Burst/Compression', 'Open', 'Anterior', 167, 400, 0, 0, '2'),
(56, 112, 'FFSH', '(T1-T9)', 'Burst/Compression', 'Open', 'Posterior', 166, 500, 0, 0, '4'),
(57, 137, 'FFH', '(T10-L2)', 'Fracture-Dislocation', 'Open', 'Posterior', 201, 300, 0, 0, '3'),
(58, 70, 'FFH', '(T10-L2)', 'Fracture-Dislocation', 'Open', 'Posterior', 192, 800, 0, 0, '4'),
(59, 180, 'MVC', '(T1-T9)', 'Fracture-Dislocation', 'Percutaneous/MIS', 'Posterior', 401, 2150, 0, 0, '3'),
(60, 52, 'MVC', '(T10-L2)', 'Burst/Compression', 'Open', 'Combined', 204, 1100, 0, 0, '2'),
(61, 192, 'MVC', '(T10-L2)', 'Extension-Distraction', 'Open', 'Posterior', 0, 200, 0, 0, '3'),
(62, 99, 'FFH', '(T10-L2)', 'Burst/Compression', 'Open', 'Posterior', 113, 500, 0, 0, '4'),
(63, 133, 'Other', '(T10-L2)', 'Burst/Compression', 'Open', 'Posterior', 119, 800, 0, 0, '4'),
(64, 21, 'PED', '(T1-T9)', 'Flexion-Distraction', 'Open', 'Posterior', 217, 900, 0, 0, '3'),
(65, 178, 'MCC', '(L3-L5)', 'Burst/Compression', 'Open', 'Anterior', 258, 1750, 0, 0, '2'),
(66, 37, 'MVC', '(T1-T9)', 'Combination >1', 'Open', 'Posterior', 109, 600, 0, 0, '4'),
(67, 182, 'Fall Stairs', '(T10-L2)', 'Extension-Distraction', 'Open', 'Posterior', 126, 250, 0, 0, '4'),
(68, 72, 'Other', '(T10-L2)', 'Burst/Compression', 'Open', 'Anterior', 227, 825, 0, 0, '2'),
(69, 78, 'FFH', '(T10-L2)', 'Burst/Compression', 'Open', 'Posterior', 135, 150, 0, 0, '2'),
(70, 75, 'FFH', '(T10-L2)', 'Burst/Compression', 'Open', 'Posterior', 111, 300, 0, 0, '4'),
(71, 53, 'MVC', '(T1-T9)', 'Fracture-Dislocation', 'Open', 'Posterior', 450, 1825, 0, 0, '5'),
(72, 152, 'FFH', '(T10-L2)', 'Burst/Compression', 'Open', 'Posterior', 87, 400, 0, 0, '3'),
(73, 149, 'MVC', '(T1-T9)', 'Flexion-Distraction', 'Open', 'Posterior', 131, 300, 0, 0, '6'),
(74, 122, 'PED', '(T1-T9)', 'Burst/Compression', 'Percutaneous/MIS', 'Posterior', 79, 200, 0, 0, '4'),
(75, 151, 'MVC', '(T10-L2)', 'Burst/Compression', 'Percutaneous/MIS', 'Posterior', 50, 100, 0, 0, '2'),
(76, 36, 'MVC', '(T10-L2)', 'Combination >1', 'Open', 'Posterior', 187, 1400, 0, 0, '5'),
(77, 10, 'FFH', '(T10-L2)', 'Extension-Distraction', 'Open', 'Posterior', 336, 5000, 1, 1, '6'),
(78, 51, 'MVC', '(T1-T9)', 'Extension-Distraction', 'Percutaneous/MIS', 'Posterior', 218, 225, 0, 0, '3'),
(79, 125, 'FFH', '(T10-L2)', 'Burst/Compression', 'Open', 'Posterior', 220, 500, 0, 0, '3'),
(80, 11, 'PED', '(T1-T9)', 'Fracture-Dislocation', 'Open', 'Posterior', 190, 450, 0, 0, '3'),
(81, 159, 'FFH', '(T1-T9)', 'Burst/Compression', 'Open', 'Posterior', 149, 500, 0, 0, '4'),
(82, 18, 'MVC', '(T1-T9)', 'Burst/Compression', 'Percutaneous/MIS', 'Posterior', 0, 400, 0, 0, '5'),
(83, 55, 'FFH', '(T1-T9)', 'Extension-Distraction', 'Percutaneous/MIS', 'Posterior', 111, 50, 0, 0, '3'),
(84, 124, 'FFH', '(T10-L2)', 'Flexion-Distraction', 'Open', 'Posterior', 176, 700, 0, 0, '5'),
(85, 139, 'FFH', '(T10-L2)', 'Burst/Compression', 'Percutaneous/MIS', 'Posterior', 297, 100, 0, 0, '2'),
(86, 27, 'MCC', '(T1-T9)', 'Extension-Distraction', 'Open', 'Posterior', 470, 300, 0, 0, '3'),
(87, 59, 'FFH', '(T1-T9)', 'Burst/Compression', 'Percutaneous/MIS', 'Posterior', 99, 300, 0, 0, '6'),
(88, 24, 'MVC', '(T1-T9)', 'Fracture-Dislocation', 'Open', 'Posterior', 79, 300, 0, 0, '4'),
(89, 138, 'FFH', '(T1-T9)', 'Burst/Compression', 'Open', 'Posterior', 26, 250, 0, 0, '4'),
(90, 42, 'MVC', '(T10-L2)', 'Fracture-Dislocation', 'Open', 'Posterior', 159, 850, 0, 0, '3'),
(91, 147, 'FFH', '(L3-L5)', 'Burst/Compression', 'Percutaneous/MIS', 'Posterior', 274, 550, 1, 1, '3'),
(92, 23, 'FFSH', '(T1-T9)', 'Burst/Compression', 'Open', 'Posterior', 182, 600, 0, 0, '5'),
(93, 177, 'FFSH', '(T1-T9)', 'Burst/Compression', 'Open', 'Posterior', 0, 600, 0, 0, '6'),
(94, 175, 'MVC', '(T1-T9)', 'Burst/Compression', 'Open', 'Posterior', 121, 600, 0, 0, '4'),
(95, 80, 'PED', '(L3-L5)', 'Burst/Compression', 'Percutaneous/MIS', 'Posterior', 109, 100, 0, 0, '2'),
(96, 181, 'Fall Stairs', '(T1-T9)', 'Extension-Distraction', 'Percutaneous/MIS', 'Posterior', 94, 50, 0, 0, '4'),
(97, 168, 'MVC', '(T1-T9)', 'Fracture-Dislocation', 'Open', 'Posterior', 186, 350, 0, 0, '3'),
(98, 76, 'Other', '(T10-L2)', 'Combination >1', 'Open', 'Posterior', 119, 350, 1, 1, '2'),
(99, 115, 'Other', '(T1-T9)', 'Burst/Compression', 'Open', 'Posterior', 288, 600, 0, 0, '5'),
(100, 84, 'MVC', '(T1-T9)', 'Burst/Compression', 'Open', 'Posterior', 599, 250, 0, 0, '7'),
(101, 20, 'Other', '(T1-T9)', 'Burst/Compression', 'Percutaneous/MIS', 'Posterior', 0, 250, 0, 0, '4'),
(102, 154, 'MVC', '(T1-T9)', 'Flexion-Distraction', 'Open', 'Posterior', 145, 350, 0, 0, '3'),
(103, 169, 'FFH', '(T10-L2)', 'Fracture-Dislocation', 'Open', 'Posterior', 130, 650, 0, 0, '4'),
(104, 50, 'FFH', '(T10-L2)', 'Burst/Compression', 'Open', 'Combined', 412, 2600, 0, 0, '3'),
(105, 106, 'FFH', '(T1-T9)', 'Combination >1', 'Open', 'Posterior', 193, 900, 0, 0, '4'),
(106, 164, 'MCC', '(T1-T9)', 'Burst/Compression', 'Percutaneous/MIS', 'Posterior', 79, 50, 0, 0, '6'),
(107, 35, 'FFH', '(L3-L5)', 'Burst/Compression', 'Open', 'Posterior', 132, 200, 0, 0, '2'),
(108, 190, 'FFH', '(T10-L2)', 'Fracture-Dislocation', 'Open', 'Posterior', 155, 650, 0, 0, '4'),
(109, 104, 'MVC', '(T10-L2)', 'Combination >1', 'Open', 'Posterior', 159, 550, 0, 0, '3'),
(110, 187, 'FFH', '(T1-T9)', 'Flexion-Distraction', 'Open', 'Posterior', 171, 1000, 0, 0, '3'),
(111, 126, 'MVC', '(T10-L2)', 'Fracture-Dislocation', 'Open', 'Posterior', 132, 300, 1, 0, '3'),
(112, 144, 'FFH', '(L3-L5)', 'Burst/Compression', 'Percutaneous/MIS', 'Posterior', 130, 100, 0, 0, '2'),
(113, 179, 'FFH', '(T10-L2)', 'Burst/Compression', 'Open', 'Posterior', 98, 250, 0, 0, '3'),
(114, 111, 'MVC', '(T10-L2)', 'Flexion-Distraction', 'Percutaneous/MIS', 'Posterior', 518, 300, 0, 0, '4'),
(115, 8, 'Fall Stairs', '(T1-T9)', 'Burst/Compression', 'Open', 'Posterior', 164, 600, 0, 0, '7'),
(116, 4, 'Other', '(T10-L2)', 'Burst/Compression', 'Percutaneous/MIS', 'Posterior', 113, 400, 0, 0, '4'),
(117, 158, 'FFSH', '(T10-L2)', 'Flexion-Distraction', 'Open', 'Posterior', 0, 500, 0, 0, '4'),
(118, 73, 'FFH', '(T1-T9)', 'Burst/Compression', 'Open', 'Posterior', 153, 1125, 0, 0, '4'),
(119, 135, 'MCC', '(T1-T9)', 'Burst/Compression', 'Open', 'Posterior', 97, 300, 0, 0, '4'),
(120, 170, 'MVC', '(T10-L2)', 'Flexion-Distraction', 'Open', 'Posterior', 84, 550, 0, 0, '2'),
(121, 17, 'FFH', '(T1-T9)', 'Fracture-Dislocation', 'Open', 'Posterior', 147, 200, 0, 0, '4'),
(122, 146, 'MVC', '(T10-L2)', 'Burst/Compression', 'Percutaneous/MIS', 'Posterior', 113, 50, 0, 0, '2'),
(123, 79, 'FFH', '(T1-T9)', 'Fracture-Dislocation', 'Percutaneous/MIS', 'Posterior', 180, 350, 0, 0, '7'),
(124, 119, 'MCC', '(T1-T9)', '', 'Open', 'Posterior', 218, 1000, 0, 0, '6'),
(125, 109, 'MCC', '(T1-T9)', 'Fracture-Dislocation', 'Open', 'Posterior', 113, 525, 0, 0, '4'),
(126, 64, 'FFH', '(L3-L5)', 'Burst/Compression', 'Open', 'Posterior', 195, 400, 0, 0, '1'),
(127, 128, 'MVC', '(T1-T9)', 'Fracture-Dislocation', 'Open', 'Posterior', 181, 300, 0, 0, '3'),
(128, 142, 'MVC', '(T10-L2)', 'Burst/Compression', 'Percutaneous/MIS', 'Posterior', 108, 200, 0, 0, '2'),
(129, 49, 'FFH', '(T10-L2)', 'Burst/Compression', 'Percutaneous/MIS', 'Posterior', 108, 25, 0, 0, '2'),
(130, 130, 'MVC', '(T10-L2)', 'Flexion-Distraction', 'Open', 'Posterior', 90, 350, 0, 0, '2'),
(131, 141, 'FFH', '(T10-L2)', 'Burst/Compression', 'Percutaneous/MIS', 'Posterior', 108, 75, 0, 0, '2'),
(132, 166, 'MVC', '(T10-L2)', 'Burst/Compression', 'Percutaneous/MIS', 'Posterior', 78, 100, 0, 0, '4'),
(196, 68, 'FFH', '(T1-T9)', 'Burst/Compression', 'Open', 'Posterior', NULL, NULL, 0, 0, NULL),
(134, 157, 'MVC', '(T10-L2)', 'Flexion-Distraction', 'Percutaneous/MIS', 'Posterior', 76, 35, 0, 0, '2'),
(135, 97, 'FFSH', '(T1-T9)', 'Extension-Distraction', 'Open', 'Posterior', 128, 200, 0, 0, '6'),
(136, 129, 'MVC', '(T10-L2)', 'Flexion-Distraction', 'Percutaneous/MIS', 'Posterior', 67, 100, 0, 0, '2'),
(137, 85, 'MVC', '(T10-L2)', 'Fracture-Dislocation', 'Open', 'Posterior', 164, 400, 0, 0, '5'),
(138, 43, 'FFH', '(T10-L2)', 'Fracture-Dislocation', 'Open', 'Posterior', 185, 1600, 0, 0, '4'),
(139, 196, 'MVC', '(L3-L5)', 'Burst/Compression', 'Open', 'Posterior', 134, 300, 0, 0, '2'),
(140, 22, 'FFH', '(T1-T9)', '', 'Open', 'Posterior', 113, 400, 0, 0, '5'),
(141, 193, 'Other', '(T1-T9)', 'Burst/Compression', 'Percutaneous/MIS', 'Posterior', 113, 75, 0, 0, '7'),
(142, 90, 'FFH', '(L3-L5)', 'Burst/Compression', 'Percutaneous/MIS', 'Posterior', 94, 50, 0, 0, '2'),
(143, 155, 'MVC', '(T10-L2)', 'Burst/Compression', 'Percutaneous/MIS', 'Posterior', 89, 300, 0, 0, '2'),
(144, 57, 'MVC', '(T1-T9)', 'Flexion-Distraction', 'Open', 'Posterior', 186, 1100, 0, 0, '4'),
(145, 12, 'MVC', '(T10-L2)', 'Burst/Compression', 'Open', 'Posterior', 71, 100, 0, 0, '2'),
(146, 5, 'FFH', '(T1-T9)', 'Combination >1', 'Open', 'Posterior', 179, 150, 0, 0, '7'),
(147, 127, 'MCC', '(T1-T9)', 'Flexion-Distraction', 'Open', 'Posterior', 115, 1000, 0, 0, '4'),
(148, 65, 'FFSH', '(T10-L2)', 'Extension-Distraction', 'Percutaneous/MIS', 'Posterior', 84, 250, 0, 0, '3'),
(149, 105, 'MVC', '(T10-L2)', 'Burst/Compression', 'Percutaneous/MIS', 'Posterior', 69, 500, 0, 0, '3'),
(150, 173, 'MVC', '(T1-T9)', 'Fracture-Dislocation', 'Open', 'Posterior', 123, 700, 0, 0, '4'),
(151, 108, 'MCC', '(T1-T9)', 'Burst/Compression', 'Open', 'Posterior', 178, 1800, 0, 0, '7'),
(152, 56, 'FFH', '(T1-T9)', 'Burst/Compression', 'Percutaneous/MIS', 'Posterior', 152, 650, 0, 0, '8'),
(153, 132, 'MVC', '(T1-T9)', '', 'Open', 'Posterior', 80, 1000, 0, 0, '4'),
(154, 95, 'FFH', '(L3-L5)', 'Burst/Compression', 'Percutaneous/MIS', 'Posterior', 61, 150, 0, 0, '4'),
(155, 171, 'MCC', '(T1-T9)', 'Fracture-Dislocation', 'Open', 'Posterior', 144, 350, 0, 0, '6'),
(156, 44, 'FFH', '(T1-T9)', 'Burst/Compression', 'Open', 'Posterior', 103, 400, 0, 0, '5'),
(157, 54, 'MVC', '(T1-T9)', 'Flexion-Distraction', 'Open', 'Posterior', 218, 605, 0, 0, '6'),
(158, 48, 'FFSH', '(T1-T9)', 'Fracture-Dislocation', 'Open', 'Posterior', 330, 500, 0, 0, '4'),
(159, 117, 'FFH', '(T1-T9)', 'Combination >1', 'Percutaneous/MIS', 'Posterior', 118, 950, 0, 0, '4'),
(160, 123, 'Other', '(T10-L2)', 'Burst/Compression', 'Open', 'Anterior', 446, 5300, 0, 0, '2'),
(161, 136, 'MCC', '(T1-T9)', 'Extension-Distraction', 'Percutaneous/MIS', 'Posterior', 113, 350, 0, 0, '5'),
(162, 7, 'MVC', '(T1-T9)', 'Burst/Compression', 'Open', 'Posterior', 165, 700, 0, 0, '4'),
(163, 34, 'MCC', '(T10-L2)', 'Fracture-Dislocation', 'Open', 'Posterior', 104, 500, 0, 0, '4'),
(164, 120, 'FFH', '(T10-L2)', 'Burst/Compression', 'Open', 'Anterior', 412, 1600, 1, 0, '2'),
(165, 183, 'FFSH', '(T1-T9)', 'Burst/Compression', 'Percutaneous/MIS', 'Posterior', 213, 1600, 0, 0, '6'),
(166, 29, 'MVC', '(T10-L2)', 'Burst/Compression', 'Open', 'Posterior', 162, 550, 0, 0, '5'),
(167, 82, 'FFSH', '(T10-L2)', 'Fracture-Dislocation', 'Open', 'Posterior', 261, 450, 0, 0, '6'),
(168, 92, 'Fall Stairs', '(T1-T9)', 'Burst/Compression', 'Open', 'Posterior', 96, 100, 0, 0, '2'),
(169, 153, 'MVC', '(L3-L5)', 'Burst/Compression', 'Open', 'Posterior', 148, 200, 0, 0, '4'),
(170, 163, 'MCC', '(T1-T9)', 'Burst/Compression', 'Open', 'Posterior', 170, 600, 0, 0, '6'),
(171, 25, 'Other', '(T1-T9)', 'Fracture-Dislocation', 'Percutaneous/MIS', 'Posterior', 180, 1600, 0, 0, '6'),
(172, 71, 'MVC', '(T1-T9)', 'Fracture-Dislocation', 'Open', 'Posterior', 94, 500, 0, 0, '4'),
(173, 6, 'FFH', '(T1-T9)', 'Combination >1', 'Open', 'Posterior', 122, 850, 0, 0, '4'),
(174, 186, 'MCC', '(L3-L5)', 'Flexion-Distraction', 'Percutaneous/MIS', 'Posterior', 170, 100, 0, 0, '2'),
(182, 143, 'MVC', '(T10-L2)', 'Combination >1', 'Open', 'Posterior', 145, 300, 0, 0, NULL),
(176, 83, 'MCC', '(T10-L2)', 'Burst/Compression', 'Open', 'Posterior', 196, 400, 0, 0, '4'),
(177, 116, 'FFH', '(T1-T9)', 'Flexion-Distraction', 'Open', 'Posterior', 130, 600, 0, 0, '4'),
(178, 101, 'FFH', '(T10-L2)', 'Burst/Compression', 'Open', 'Posterior', 265, 150, 0, 0, '6'),
(179, 94, 'FFH', '(T10-L2)', 'Burst/Compression', 'Open', 'Anterior', 217, 550, 0, 0, '2'),
(180, 140, 'FFSH', '(T1-T9)', 'Extension-Distraction', 'Percutaneous/MIS', 'Posterior', 165, 200, 0, 0, '3'),
(181, 121, 'FFH', '(T1-T9)', 'Fracture-Dislocation', 'Percutaneous/MIS', 'Posterior', 73, 70, 0, 0, '4'),
(175, 98, 'FFSH', '(T1-T9)', NULL, 'Percutaneous/MIS', 'Posterior', 161, 500, 0, 0, NULL),
(183, 148, 'FFH', '(L3-L5)', 'Burst/Compression', 'Open', 'Posterior', 125, 400, 0, 0, '2'),
(184, 93, 'MVC', '(T1-T9)', 'Combination >1', 'Open', 'Posterior', 126, 450, 0, 0, '4'),
(185, 185, 'MCC', '(T1-T9)', 'Fracture-Dislocation', 'Open', 'Posterior', 200, 1500, 0, 0, '4'),
(186, 9, 'MCC', '(T1-T9)', 'Burst/Compression', 'Percutaneous/MIS', 'Posterior', 141, 350, 0, 0, '4'),
(187, 1, 'MCC', '(T1-T9)', 'Combination >1', 'Open', 'Posterior', 136, 3000, 0, 0, '7'),
(188, 77, 'Other', '(T10-L2)', 'Burst/Compression', 'Open', 'Anterior', 291, 900, 0, 0, '2'),
(189, 45, 'FFH', '(T10-L2)', 'Fracture-Dislocation', 'Open', 'Posterior', 94, 300, 0, 0, '5'),
(190, 33, 'FFH', '(T10-L2)', 'Burst/Compression', 'Percutaneous/MIS', 'Posterior', 129, 150, 0, 0, '4'),
(191, 14, 'MVC', '(T10-L2)', 'Flexion-Distraction', 'Open', 'Posterior', 104, 200, 0, 0, '4'),
(192, 28, 'FFH', '(T10-L2)', 'Fracture-Dislocation', 'Open', 'Posterior', 148, 300, 0, 0, '3'),
(193, 134, 'FFSH', '(T10-L2)', 'Extension-Distraction', 'Percutaneous/MIS', 'Posterior', 99, 100, 0, 0, '4'),
(194, 63, 'MCC', '(T1-T9)', 'Burst/Compression', 'Open', 'Posterior', 107, 125, 0, 0, '5'),
(195, 174, 'FFH', '(T1-T9)', 'Combination >1', 'Open', 'Posterior', 130, 700, 0, 0, '4'),
(1, 16, 'FFH', '(T10-L2)', 'Fracture-Dislocation', 'Open', 'Posterior', 152, 500, 0, 0, '3'),
(NULL, 202, 'Fall Stairs', '(T10-L2)', 'Flexion-Distraction', 'Percutaneous/MIS', 'Anterior', 60, 2000, 1, 1, '3'),
(NULL, 201, 'FFH', '(T10-L2)', 'Flexion-Distraction', 'Open', 'Posterior', 87, 500, 0, 0, '4'),
(NULL, 200, 'PED', '(T10-L2)', 'Combination >1', 'Percutaneous/MIS', 'Anterior', 120, 1000, 1, 0, '1'),
(NULL, 199, 'MCC', '(L3-L5)', 'Flexion-Distraction', 'Percutaneous/MIS', 'Anterior', 60, 2000, 0, 0, '5'),
(NULL, 198, 'MVC', '(L3-L5)', 'Combination >1', 'Open', 'Anterior', 60, 2000, 1, 0, '5'),
(NULL, 197, 'MVC', '(T10-L2)', 'Combination >1', 'Open', 'Posterior', 60, 2000, 0, 0, '5'),
(NULL, 203, 'PED', '(T1-T9)', 'Fracture-Dislocation', 'Open', 'Posterior', 60, 2000, 0, 1, '7-12'),
(NULL, 204, 'Fall Stairs', '(T10-L2)', 'Combination >1', 'Open', 'Posterior', 120, 1000, 0, 0, '3-6'),
(NULL, 205, 'FFH', '(T10-L2)', 'Combination >1', 'Percutaneous/MIS', 'Posterior', 60, 2000, 0, 1, '>12'),
(NULL, 206, 'PED', '(T1-T9)', 'Combination >1', 'Percutaneous/MIS', 'Posterior', 60, 1000, 1, 0, '3-6'),
(NULL, 207, 'MVC', '(T10-L2)', 'Extension-Distraction', 'Percutaneous/MIS', 'Posterior', 78, 50, 0, 0, '3-6'),
(NULL, 208, 'Other', '(T10-L2)', 'Fracture-Dislocation', 'Open', 'Posterior', 85, 400, 0, 0, '3-6'),
(NULL, 209, 'FFH', '(L3-L5)', 'Burst/Compression', 'Percutaneous/MIS', 'Posterior', 69, 200, 0, 0, '1-2');

-- --------------------------------------------------------

--
-- Table structure for table `supplemental_action_table`
--

CREATE TABLE `supplemental_action_table` (
  `sat_id` int(11) NOT NULL COMMENT 'ID for this supplemental actiono',
  `id` int(11) NOT NULL COMMENT 'ID of the original admission',
  `supp_action` enum('physical_therapy','sw_visit','stable_dis','discharged','occ_therapy') NOT NULL COMMENT 'Type of supplemental action',
  `comment` text COMMENT 'Supplemental action comment',
  `action_date` date NOT NULL COMMENT 'Date of supplemental action',
  `action_time` time NOT NULL COMMENT 'Time that the action occurred',
  `minutes` int(11) DEFAULT NULL COMMENT 'Number of minutes for the appointment',
  `new_est_los` int(11) NOT NULL COMMENT 'New estimated LOS for the admission due to the action'
) ENGINE=InnoDB DEFAULT CHARSET=latin1 COMMENT='This table stores data about supplemental actions taken';

--
-- Dumping data for table `supplemental_action_table`
--

INSERT INTO `supplemental_action_table` (`sat_id`, `id`, `supp_action`, `comment`, `action_date`, `action_time`, `minutes`, `new_est_los`) VALUES
(1, 5, 'physical_therapy', 'Made a huge recovery here!', '2020-08-20', '00:00:00', 60, 17),
(2, 5, '', 'Not looking great...', '2020-08-31', '00:00:00', NULL, 19),
(3, 5, 'physical_therapy', 'Good stuff here....', '2020-09-03', '00:00:00', 30, 10),
(4, 5, '', 'Let\'s circle back on this, overall looking good.', '2020-09-07', '00:00:00', NULL, 5),
(39, 416, 'physical_therapy', 'Some unexpected improvement, let\'s see how things are looking in a couple days.', '2020-07-22', '00:00:00', 60, 10),
(40, 416, 'sw_visit', 'Original estimates were too optimistic, we are going to look more into things.', '2020-07-24', '00:00:00', 30, 10),
(41, 416, 'occ_therapy', 'Folomin is following nicely along with our predictions, meet up in a couple days.', '2020-07-28', '00:00:00', 30, 6),
(42, 416, 'physical_therapy', 'We are on the home stretch, Folomin should be ready for discharge in a couple days.', '2020-07-30', '00:00:00', 90, 2),
(43, 54, 'physical_therapy', '', '2020-08-15', '00:00:00', 60, 1);

--
-- Indexes for dumped tables
--

--
-- Indexes for table `estimation_table`
--
ALTER TABLE `estimation_table`
  ADD PRIMARY KEY (`id`),
  ADD KEY `patient_id` (`patient_id`);

--
-- Indexes for table `medical_center_table`
--
ALTER TABLE `medical_center_table`
  ADD PRIMARY KEY (`center_id`);

--
-- Indexes for table `model_questions_table`
--
ALTER TABLE `model_questions_table`
  ADD PRIMARY KEY (`question_id`);

--
-- Indexes for table `patient_table`
--
ALTER TABLE `patient_table`
  ADD PRIMARY KEY (`patient_id`),
  ADD KEY `age` (`age`),
  ADD KEY `insurance` (`insurance`),
  ADD KEY `physician_id` (`physician_id`),
  ADD KEY `center_id` (`center_id`);

--
-- Indexes for table `physician_table`
--
ALTER TABLE `physician_table`
  ADD PRIMARY KEY (`physician_id`),
  ADD KEY `primary_center` (`primary_center`),
  ADD KEY `secondary_center` (`secondary_center`);

--
-- Indexes for table `specialist_table`
--
ALTER TABLE `specialist_table`
  ADD PRIMARY KEY (`specialist_id`);

--
-- Indexes for table `supplemental_action_table`
--
ALTER TABLE `supplemental_action_table`
  ADD PRIMARY KEY (`sat_id`),
  ADD KEY `id` (`id`);

--
-- AUTO_INCREMENT for dumped tables
--

--
-- AUTO_INCREMENT for table `estimation_table`
--
ALTER TABLE `estimation_table`
  MODIFY `id` int(11) NOT NULL AUTO_INCREMENT, AUTO_INCREMENT=436;

--
-- AUTO_INCREMENT for table `medical_center_table`
--
ALTER TABLE `medical_center_table`
  MODIFY `center_id` int(255) NOT NULL AUTO_INCREMENT COMMENT 'ID of Medical Center', AUTO_INCREMENT=5;

--
-- AUTO_INCREMENT for table `model_questions_table`
--
ALTER TABLE `model_questions_table`
  MODIFY `question_id` int(11) NOT NULL AUTO_INCREMENT COMMENT 'ID of the COVID Screening Question', AUTO_INCREMENT=15;

--
-- AUTO_INCREMENT for table `patient_table`
--
ALTER TABLE `patient_table`
  MODIFY `patient_id` int(255) NOT NULL AUTO_INCREMENT, AUTO_INCREMENT=210;

--
-- AUTO_INCREMENT for table `physician_table`
--
ALTER TABLE `physician_table`
  MODIFY `physician_id` int(255) NOT NULL AUTO_INCREMENT, AUTO_INCREMENT=7;

--
-- AUTO_INCREMENT for table `supplemental_action_table`
--
ALTER TABLE `supplemental_action_table`
  MODIFY `sat_id` int(11) NOT NULL AUTO_INCREMENT COMMENT 'ID for this supplemental actiono', AUTO_INCREMENT=44;

--
-- Constraints for dumped tables
--

--
-- Constraints for table `estimation_table`
--
ALTER TABLE `estimation_table`
  ADD CONSTRAINT `patient_table` FOREIGN KEY (`patient_id`) REFERENCES `patient_table` (`patient_id`);

--
-- Constraints for table `patient_table`
--
ALTER TABLE `patient_table`
  ADD CONSTRAINT `med_cen_table` FOREIGN KEY (`center_id`) REFERENCES `medical_center_table` (`center_id`),
  ADD CONSTRAINT `phys_table` FOREIGN KEY (`physician_id`) REFERENCES `physician_table` (`physician_id`);

--
-- Constraints for table `physician_table`
--
ALTER TABLE `physician_table`
  ADD CONSTRAINT `prim_med_table` FOREIGN KEY (`primary_center`) REFERENCES `medical_center_table` (`center_id`),
  ADD CONSTRAINT `sec_med_table` FOREIGN KEY (`secondary_center`) REFERENCES `medical_center_table` (`center_id`);

--
-- Constraints for table `supplemental_action_table`
--
ALTER TABLE `supplemental_action_table`
  ADD CONSTRAINT `supplemental_action_table_ibfk_1` FOREIGN KEY (`id`) REFERENCES `estimation_table` (`id`);
COMMIT;

/*!40101 SET CHARACTER_SET_CLIENT=@OLD_CHARACTER_SET_CLIENT */;
/*!40101 SET CHARACTER_SET_RESULTS=@OLD_CHARACTER_SET_RESULTS */;
/*!40101 SET COLLATION_CONNECTION=@OLD_COLLATION_CONNECTION */;
